disease,abdominal_pain,blurred_vision,body_ache,breathlessness,chest_pain,chills,cough,dizziness,fatigue,fever,frequent_urination,headache,increased_thirst,joint_pain,loss_of_smell,loss_of_taste,nausea,runny_nose,sore_throat,sweating,vomiting
Common Cold,0,0,0,0,0,0,1,0,1,1,0,1,0,0,0,0,0,1,1,0,0
Common Cold,0,0,0,0,0,0,1,0,1,1,1,1,0,0,0,0,0,1,1,0,0
Common Cold,0,0,0,0,0,0,0,0,1,1,0,1,0,0,0,1,0,1,1,0,0
Common Cold,0,0,0,0,0,0,1,0,1,1,0,1,0,0,0,0,0,1,1,0,0
Common Cold,0,0,0,0,0,1,0,0,1,1,0,1,0,0,0,0,0,1,1,0,0
Common Cold,0,0,0,0,0,0,0,0,1,1,0,1,0,0,0,0,1,1,1,0,0
Common Cold,0,0,0,0,0,0,0,1,1,1,0,1,0,0,0,0,0,1,0,0,0
Common Cold,0,1,0,0,0,0,1,0,1,1,0,1,0,0,0,0,0,1,1,0,0
Common Cold,1,0,0,0,0,0,1,0,1,0,0,1,0,0,0,0,0,1,1,0,0
Common Cold,0,0,0,0,0,0,1,0,1,1,0,1,0,0,0,0,0,1,1,0,1
Common Cold,0,0,0,0,0,0,1,0,1,0,0,1,0,0,0,0,0,1,1,0,0
Common Cold,0,0,0,0,0,0,1,0,1,1,0,0,0,0,0,0,0,1,1,0,0
Common Cold,1,0,0,0,0,0,0,1,1,1,0,1,0,0,0,0,0,1,0,0,0
Common Cold,0,0,0,0,0,0,1,0,1,1,0,1,0,0,0,0,0,1,1,0,0
Common Cold,0,0,0,0,1,0,1,0,1,1,0,1,0,0,0,0,0,1,1,0,0
Common Cold,0,0,0,0,0,0,1,0,1,1,0,1,0,0,0,0,0,1,1,0,0
Common Cold,0,0,0,0,0,0,1,0,0,1,0,1,0,0,0,0,0,1,1,0,0
Common Cold,0,0,0,0,0,0,1,0,1,1,0,1,0,0,0,0,0,1,1,0,0
Common Cold,0,0,0,0,1,0,0,0,1,1,0,1,0,0,0,0,0,1,1,0,0
Common Cold,0,0,0,0,0,0,1,0,1,0,0,1,0,0,0,0,0,1,1,0,0
Common Cold,0,0,0,0,0,0,1,0,1,1,0,1,0,0,0,0,0,0,1,0,0
Common Cold,0,1,0,0,1,0,1,0,1,1,0,1,0,0,0,0,0,1,0,0,0
Common Cold,0,0,0,0,0,0,1,0,0,0,0,1,0,0,0,0,0,1,0,0,0
Common Cold,0,0,0,1,0,0,1,0,0,1,0,1,0,0,0,0,0,1,1,0,0
Common Cold,0,0,0,0,0,0,1,0,1,0,0,1,0,0,0,0,0,1,1,0,0
Common Cold,0,0,0,0,0,0,1,0,1,1,1,1,0,0,0,0,0,0,1,0,0
Common Cold,0,0,0,0,0,0,1,0,1,1,0,1,0,0,0,0,0,1,1,0,0
Common Cold,0,0,1,0,0,1,1,0,1,1,0,1,0,0,0,0,0,1,1,0,0
Common Cold,0,0,0,0,0,0,1,0,1,0,1,1,0,0,0,0,0,1,1,0,0
Common Cold,0,0,0,0,0,0,1,0,1,0,1,0,0,0,0,0,0,1,1,0,0
Common Cold,0,0,0,0,0,0,1,0,1,1,0,1,0,0,0,0,0,1,1,0,0
Common Cold,0,0,0,0,0,0,1,0,1,1,0,0,0,0,0,0,0,1,1,0,0
Common Cold,0,0,0,0,1,0,1,0,1,0,0,1,0,0,0,0,0,1,1,0,0
Common Cold,0,0,0,0,0,0,1,0,1,0,0,1,0,0,0,0,0,1,1,0,0
Common Cold,0,0,0,0,0,0,1,0,1,1,0,1,0,0,0,0,0,1,1,0,0
Common Cold,0,0,0,0,0,0,1,0,0,1,0,1,0,0,0,0,0,1,1,0,0
Common Cold,0,0,0,0,0,0,1,0,1,1,0,1,1,0,0,0,0,1,1,0,0
Common Cold,0,0,0,0,0,0,1,1,0,0,0,1,0,1,0,0,0,1,1,0,0
Common Cold,0,0,0,0,0,0,1,0,1,0,0,0,0,0,1,0,0,1,0,0,0
Common Cold,0,0,0,0,0,0,0,0,1,1,0,1,0,0,0,0,0,1,1,0,0
Influenza (Flu),0,0,1,0,0,1,1,0,1,1,0,1,0,0,0,0,1,1,1,0,0
Influenza (Flu),0,0,1,0,0,1,1,0,1,1,0,1,0,0,0,0,1,1,1,0,0
Influenza (Flu),0,0,1,0,0,1,1,0,0,1,0,1,0,1,0,0,1,1,1,0,0
Influenza (Flu),0,0,1,0,0,1,0,0,0,1,0,1,0,0,0,0,1,1,0,0,0
Influenza (Flu),0,0,0,0,0,1,1,0,1,1,0,0,0,0,0,0,1,1,1,0,0
Influenza (Flu),0,0,1,0,0,1,1,0,1,1,0,1,0,0,0,0,1,1,1,0,0
Influenza (Flu),0,0,1,0,0,1,0,0,1,0,0,1,0,0,1,0,1,1,1,0,0
Influenza (Flu),1,0,1,0,0,1,1,0,1,0,0,1,0,0,1,0,1,1,1,0,0
Influenza (Flu),0,0,1,0,0,1,1,0,1,1,0,1,0,0,0,0,1,1,1,0,0
Influenza (Flu),0,0,1,1,0,1,1,0,1,1,0,1,0,0,0,0,1,1,1,0,0
Influenza (Flu),0,0,1,0,0,1,1,0,1,1,0,1,0,0,0,0,0,1,1,0,0
Influenza (Flu),0,1,0,0,0,1,1,0,1,1,1,1,0,0,0,0,1,1,1,0,0
Influenza (Flu),0,0,0,1,0,1,1,0,1,1,0,1,0,0,0,0,1,1,1,0,0
Influenza (Flu),0,0,1,0,0,1,1,0,0,1,0,1,0,0,0,0,1,0,1,0,0
Influenza (Flu),0,0,1,0,0,0,0,0,1,1,0,1,0,0,0,0,0,1,1,0,0
Influenza (Flu),0,0,1,0,0,1,1,0,1,1,0,1,0,0,0,0,1,0,1,0,0
Influenza (Flu),0,0,1,0,0,1,1,0,1,1,0,1,0,0,0,0,0,1,1,0,0
Influenza (Flu),0,0,1,0,0,1,0,0,1,0,0,1,0,1,0,0,1,1,1,0,0
Influenza (Flu),0,0,0,0,0,0,1,0,1,1,0,1,0,0,0,0,1,1,1,0,0
Influenza (Flu),0,0,1,0,0,1,0,0,1,1,0,1,0,0,0,0,1,1,1,0,0
Influenza (Flu),0,0,1,0,0,1,1,0,0,1,0,1,0,0,0,1,1,1,1,0,0
Influenza (Flu),0,0,1,0,0,1,1,0,1,1,0,1,0,0,0,0,0,1,1,0,0
Influenza (Flu),0,0,1,0,0,1,1,0,1,1,0,0,0,0,0,0,0,1,1,0,0
Influenza (Flu),0,0,1,0,0,1,0,0,1,1,0,1,0,0,0,0,1,1,1,0,0
Influenza (Flu),0,0,1,0,0,1,1,0,1,1,0,1,0,0,0,0,1,1,1,0,0
Influenza (Flu),0,0,1,0,0,1,1,0,1,1,1,1,0,0,0,1,0,1,1,0,0
Influenza (Flu),0,0,1,0,0,1,1,0,1,1,1,1,0,0,0,0,1,1,1,0,0
Influenza (Flu),0,0,1,0,0,1,1,0,1,1,1,1,0,0,0,0,0,1,0,1,0
Influenza (Flu),0,0,1,0,0,1,1,0,1,1,0,1,0,0,0,0,0,0,1,0,0
Influenza (Flu),0,0,0,1,0,0,1,0,1,1,0,1,0,1,0,0,1,1,1,0,0
Influenza (Flu),0,0,1,0,0,1,1,0,1,1,0,1,0,0,0,0,1,1,1,0,1
Influenza (Flu),0,0,1,0,0,1,1,0,1,1,0,1,0,0,0,0,0,0,0,0,0
Influenza (Flu),0,0,1,0,0,1,1,0,1,1,0,1,0,0,0,0,1,1,0,0,0
Influenza (Flu),1,0,1,0,0,1,0,0,0,1,0,1,0,0,0,0,1,0,1,0,0
Influenza (Flu),0,0,1,0,0,1,1,0,1,1,0,1,0,0,0,0,1,1,1,0,0
Influenza (Flu),0,0,1,1,0,1,1,0,1,1,0,1,0,0,0,0,1,1,1,0,0
Influenza (Flu),0,0,1,0,0,1,1,0,1,1,0,1,0,0,1,0,0,1,1,0,0
Influenza (Flu),0,0,1,0,0,1,1,0,1,1,0,1,0,0,1,0,1,1,1,0,0
Influenza (Flu),0,0,1,0,0,1,1,0,1,1,0,1,0,0,0,0,0,1,1,0,0
Influenza (Flu),0,0,1,0,0,1,1,0,1,1,0,1,0,0,0,0,1,1,0,0,0
COVID-19,0,0,1,1,0,1,1,0,1,1,0,1,0,0,1,1,0,0,1,0,0
COVID-19,0,0,1,0,0,0,1,0,0,1,0,1,0,0,1,1,0,0,0,0,0
COVID-19,0,0,1,1,0,0,0,0,1,1,0,1,0,0,1,1,0,0,1,0,0
COVID-19,0,0,1,1,0,0,0,0,1,0,0,1,0,0,0,1,0,0,1,0,1
COVID-19,0,0,1,0,0,0,0,0,1,1,0,0,0,0,1,1,0,0,0,0,0
COVID-19,0,1,1,1,0,0,1,0,1,1,0,1,0,0,0,1,0,0,1,0,0
COVID-19,0,0,1,1,0,0,1,0,1,0,0,1,0,0,0,1,0,0,1,0,0
COVID-19,0,0,1,1,0,0,1,0,1,1,0,1,0,0,1,1,0,0,1,0,0
COVID-19,0,1,1,1,0,0,1,1,1,1,0,1,0,0,1,1,0,0,0,0,0
COVID-19,0,0,1,1,0,0,1,0,1,1,0,1,0,0,0,0,0,0,1,0,0
COVID-19,0,0,0,0,0,0,1,0,1,1,0,1,0,0,0,1,1,0,1,0,0
COVID-19,0,0,1,1,0,0,1,0,1,1,0,1,0,0,1,1,0,0,1,0,0
COVID-19,0,0,1,1,0,0,1,0,1,0,0,1,0,0,1,1,0,0,1,0,0
COVID-19,0,0,1,1,0,0,1,0,1,1,0,1,0,0,1,1,0,1,1,0,0
COVID-19,0,0,1,1,0,0,1,0,1,1,0,1,0,0,1,1,0,0,1,0,0
COVID-19,0,0,0,0,0,1,1,0,1,1,0,1,0,1,0,1,1,0,0,0,1
COVID-19,0,0,0,0,0,0,1,0,1,1,0,1,0,0,1,1,0,0,1,1,0
COVID-19,0,0,1,1,0,0,1,0,1,1,0,1,0,0,0,1,0,0,1,0,0
COVID-19,0,0,1,0,0,0,1,0,1,1,0,1,0,0,1,1,0,0,1,0,0
COVID-19,0,0,1,1,0,0,1,0,1,1,0,1,0,0,1,1,0,0,1,0,0
COVID-19,0,0,0,1,1,0,1,0,1,1,0,1,0,0,1,1,0,0,1,0,0
COVID-19,0,0,1,1,0,0,1,0,1,0,0,1,0,0,1,1,0,0,1,0,0
COVID-19,0,0,1,1,0,0,1,0,1,0,0,1,0,0,1,0,0,0,1,0,0
COVID-19,0,0,1,1,0,0,1,0,1,0,0,0,0,0,1,1,0,0,1,0,0
COVID-19,0,0,1,1,0,0,1,0,1,1,0,1,1,0,1,1,0,0,0,0,0
COVID-19,0,0,1,1,0,0,1,0,0,1,0,1,0,0,1,1,0,0,1,0,0
COVID-19,0,0,1,1,0,0,1,0,1,1,0,0,0,0,1,1,0,0,1,0,0
COVID-19,0,0,1,1,0,0,1,0,1,1,0,0,0,0,1,1,0,0,1,0,0
COVID-19,0,0,1,1,0,0,1,0,0,1,0,1,0,0,1,1,0,0,0,0,0
COVID-19,0,0,1,1,0,0,0,0,1,1,0,1,0,0,0,1,0,0,1,0,0
COVID-19,0,0,1,1,0,0,1,1,1,0,0,1,0,0,1,1,0,0,1,0,0
COVID-19,0,0,1,1,0,0,1,0,0,1,0,1,0,1,1,1,0,0,1,0,0
COVID-19,0,0,1,0,0,0,1,0,1,1,0,1,0,1,1,0,0,0,0,0,0
COVID-19,0,0,1,1,0,0,1,0,1,1,0,1,0,0,0,0,0,0,1,0,0
COVID-19,0,0,1,0,0,0,1,0,1,0,0,1,0,0,1,0,0,0,1,0,0
COVID-19,0,0,1,1,0,0,1,1,1,1,0,1,0,0,1,0,0,0,1,0,0
COVID-19,0,0,1,1,0,0,1,0,1,1,0,1,0,0,1,0,0,0,1,0,0
COVID-19,0,0,0,1,0,0,0,0,1,0,0,1,0,0,1,1,0,0,1,0,0
COVID-19,0,0,1,1,0,0,1,0,1,1,0,1,0,0,1,1,0,0,1,0,0
COVID-19,0,0,1,1,0,0,1,0,1,1,0,1,0,0,1,1,0,0,1,0,0
Migraine,0,1,0,0,0,0,0,1,0,1,0,1,0,0,0,0,1,0,0,0,1
Migraine,0,1,0,0,0,0,0,1,1,0,0,1,0,0,0,0,0,0,0,0,0
Migraine,0,1,0,1,0,0,0,1,1,0,0,1,0,0,0,0,1,1,0,1,1
Migraine,0,1,0,0,0,0,1,1,1,0,0,1,0,0,0,0,1,0,0,0,1
Migraine,0,1,0,0,1,0,0,1,0,0,0,1,0,0,0,0,1,0,0,0,1
Migraine,0,1,0,0,0,0,0,0,1,0,0,1,0,0,0,0,1,0,0,0,1
Migraine,0,1,0,0,0,0,0,1,0,0,0,0,0,0,0,0,1,0,0,0,1
Migraine,0,1,0,0,0,0,0,1,1,0,0,1,0,0,0,0,1,0,1,0,1
Migraine,0,1,0,0,0,0,0,1,1,0,0,0,0,0,0,0,1,0,0,0,1
Migraine,0,1,0,0,0,0,0,1,1,0,0,0,0,0,0,0,1,0,0,0,1
Migraine,0,1,0,0,0,0,0,0,1,0,0,1,0,0,0,0,1,0,0,0,0
Migraine,0,1,0,0,0,0,0,1,0,0,0,1,0,0,0,0,1,0,0,0,1
Migraine,0,1,0,0,0,0,0,1,1,0,0,1,0,0,0,0,1,0,0,0,0
Migraine,0,1,0,0,0,0,0,0,1,0,0,0,0,0,0,0,1,0,0,0,1
Migraine,0,1,0,0,0,0,0,0,1,0,0,1,0,0,0,0,1,0,0,0,0
Migraine,0,1,0,0,0,0,0,1,1,0,0,1,0,0,0,0,0,0,0,0,1
Migraine,0,1,0,0,0,0,0,1,1,0,0,0,0,0,0,0,1,0,0,0,1
Migraine,0,1,0,0,0,0,0,1,1,0,0,1,0,0,0,0,1,0,0,0,1
Migraine,0,1,0,0,0,0,0,1,1,0,0,1,0,0,0,0,0,0,0,0,1
Migraine,0,1,0,0,0,1,0,1,1,0,0,1,0,0,0,0,1,0,0,0,0
Migraine,0,1,0,0,0,0,0,1,1,0,1,1,0,0,0,0,1,1,0,0,1
Migraine,0,1,0,0,0,0,0,1,1,0,0,1,0,0,0,0,1,0,1,0,0
Migraine,0,0,0,0,0,0,0,0,1,0,0,1,0,1,0,0,1,0,1,0,1
Migraine,0,0,0,0,0,0,0,1,1,0,0,1,1,0,0,0,1,0,0,0,1
Migraine,0,1,0,0,0,0,0,1,1,0,0,1,0,0,0,0,1,0,0,0,1
Migraine,0,1,0,0,0,0,0,1,1,0,0,1,0,0,0,0,1,0,0,0,1
Migraine,0,1,0,0,0,0,0,1,0,0,1,1,0,0,0,0,1,0,0,0,1
Migraine,0,1,0,0,0,0,0,0,1,0,0,1,0,0,0,0,1,0,0,0,1
Migraine,0,0,0,0,0,0,0,1,1,0,0,1,0,0,0,0,1,0,0,0,1
Migraine,0,1,0,0,0,0,0,1,1,0,0,1,0,0,0,0,1,0,1,0,1
Migraine,0,1,0,0,0,0,0,1,1,0,0,1,0,0,0,0,1,0,0,0,1
Migraine,0,1,0,0,0,0,0,1,1,0,0,1,0,0,0,0,0,0,0,0,1
Migraine,0,1,0,0,0,0,0,1,1,0,0,1,0,0,0,0,1,0,0,0,1
Migraine,0,1,0,1,0,0,0,1,1,0,0,1,0,0,0,0,1,0,0,0,0
Migraine,0,0,0,0,0,0,0,1,1,0,0,1,0,0,0,0,1,1,0,0,1
Migraine,0,1,0,0,0,0,0,1,1,0,0,1,0,0,0,0,1,0,0,0,1
Migraine,0,1,0,0,0,0,0,1,1,0,0,1,0,0,0,0,1,0,0,0,1
Migraine,0,1,0,1,0,0,0,1,1,0,0,0,0,0,0,0,1,0,1,0,1
Migraine,0,1,1,1,0,0,0,1,1,0,0,0,0,0,0,0,1,0,0,0,1
Migraine,0,1,0,0,0,0,0,1,1,0,0,1,1,0,0,0,1,0,0,0,1
Dengue,1,0,0,0,0,0,0,0,1,1,0,1,0,1,0,0,1,0,0,1,1
Dengue,0,0,1,1,0,0,0,0,0,1,0,1,0,1,0,0,1,0,0,1,0
Dengue,0,1,1,0,0,0,0,0,0,1,0,1,0,1,0,1,1,0,0,0,0
Dengue,0,0,0,0,0,0,0,0,1,1,0,1,0,1,0,0,1,0,0,1,1
Dengue,0,0,0,0,0,0,0,0,1,1,0,0,0,1,0,0,1,0,0,0,1
Dengue,0,0,1,0,0,0,0,0,1,1,0,1,0,1,0,0,1,0,0,1,1
Dengue,0,0,0,0,0,0,0,0,1,1,0,1,0,1,0,0,1,0,0,0,1
Dengue,0,0,1,0,0,0,0,0,0,1,0,1,0,1,0,0,1,0,0,1,1
Dengue,0,0,1,0,0,0,0,0,1,1,0,1,1,1,0,0,0,0,0,1,1
Dengue,0,0,0,0,0,0,1,0,0,1,0,1,0,1,0,0,0,0,0,1,1
Dengue,0,0,1,0,0,0,0,0,1,1,0,0,0,1,0,0,0,0,0,1,1
Dengue,0,0,0,0,0,0,0,0,1,1,0,1,0,1,0,0,1,0,0,1,1
Dengue,0,0,1,0,0,0,0,0,0,1,0,1,0,1,0,1,1,0,0,0,1
Dengue,0,1,1,0,0,0,0,0,1,1,0,1,0,0,0,0,1,0,0,1,1
Dengue,0,0,1,0,0,0,1,0,1,1,0,1,0,1,1,0,1,0,0,1,0
Dengue,0,0,1,0,0,0,0,0,1,0,0,1,0,1,0,0,1,0,0,1,1
Dengue,0,0,1,0,0,1,0,0,1,1,0,1,0,1,0,0,1,0,0,1,1
Dengue,0,0,1,0,0,0,0,0,1,1,0,1,0,1,0,0,1,0,0,1,1
Dengue,0,0,0,0,0,0,1,0,1,1,0,1,0,1,0,0,1,0,0,1,1
Dengue,0,0,1,0,0,0,0,0,1,1,0,1,0,1,0,0,1,0,0,1,1
Dengue,0,0,1,0,0,0,1,0,1,1,0,1,0,1,0,0,1,0,0,1,1
Dengue,0,0,0,0,0,0,0,0,1,1,0,1,0,1,0,0,0,0,0,0,1
Dengue,0,0,0,0,0,0,0,0,0,1,0,1,0,1,0,0,1,0,0,0,0
Dengue,1,0,1,0,0,0,0,0,1,0,0,1,0,0,0,0,1,0,0,1,0
Dengue,0,0,1,0,0,0,0,0,1,1,1,1,0,1,0,0,1,0,0,0,1
Dengue,0,0,1,0,0,1,0,0,1,1,0,1,0,1,0,0,0,0,0,1,1
Dengue,0,0,0,0,0,0,0,0,1,1,1,0,0,1,0,0,1,0,0,1,1
Dengue,0,0,1,0,1,0,0,0,1,1,0,1,0,1,0,0,1,0,0,0,1
Dengue,0,0,1,0,0,0,0,0,1,1,0,1,0,1,0,0,1,0,0,1,1
Dengue,0,1,1,0,0,0,1,0,1,1,0,1,0,1,0,0,1,0,0,1,0
Dengue,0,0,1,0,0,0,0,0,1,1,0,1,0,1,0,0,1,0,1,1,1
Dengue,0,0,1,0,0,0,0,0,1,1,0,1,1,1,0,0,1,0,0,1,1
Dengue,0,0,1,0,0,0,0,0,1,1,0,1,0,1,0,0,1,0,0,1,1
Dengue,0,0,1,0,0,0,0,0,1,1,0,1,0,1,0,0,1,0,0,1,1
Dengue,0,0,1,0,0,0,0,1,1,1,0,1,0,1,0,0,1,0,0,1,1
Dengue,0,0,1,0,0,0,0,0,1,1,0,1,0,1,0,0,1,0,0,1,1
Dengue,0,0,0,0,0,0,0,0,0,1,0,0,0,1,1,0,1,0,0,0,0
Dengue,0,0,1,0,0,0,0,0,0,1,0,1,0,0,0,0,1,0,0,0,1
Dengue,0,0,1,0,0,0,0,0,1,1,0,1,0,1,0,0,1,0,0,1,1
Dengue,0,0,1,0,0,0,0,0,1,1,0,1,0,1,0,0,1,0,0,1,0
Malaria,0,0,0,0,0,1,0,0,1,1,0,1,0,0,0,0,1,0,0,1,0
Malaria,0,0,1,0,0,1,0,0,1,1,0,1,0,0,0,0,1,0,0,1,0
Malaria,0,0,1,0,0,0,0,0,1,1,1,1,0,0,0,0,1,0,0,1,0
Malaria,0,0,1,0,0,1,0,0,1,1,0,0,0,0,0,0,1,0,0,0,0
Malaria,0,0,1,0,0,0,0,0,1,0,0,0,0,0,0,0,1,0,0,1,0
Malaria,0,0,1,0,0,1,0,0,1,1,0,1,0,0,0,0,1,0,0,1,0
Malaria,0,0,1,0,0,1,0,0,1,1,0,1,0,0,0,0,1,0,0,0,0
Malaria,0,0,1,0,0,0,0,0,1,1,0,1,0,0,0,0,1,0,0,0,0
Malaria,0,0,1,0,0,1,0,0,1,1,0,1,0,0,0,0,1,0,0,1,0
Malaria,0,0,1,0,0,1,0,1,1,1,0,1,0,0,0,0,1,0,0,1,0
Malaria,0,0,1,0,0,1,0,0,1,1,0,1,0,0,0,0,0,0,0,1,0
Malaria,1,0,1,0,0,1,1,0,0,1,0,1,0,0,0,0,1,0,0,1,0
Malaria,0,0,1,0,0,1,0,0,1,1,0,1,0,0,0,0,1,0,0,1,0
Malaria,0,0,1,0,0,0,0,0,1,1,1,1,0,0,0,1,1,0,0,1,0
Malaria,0,0,1,0,1,1,0,0,1,1,0,1,0,0,0,0,1,0,0,1,0
Malaria,0,0,0,0,0,1,0,0,1,1,0,0,0,0,0,0,1,0,0,1,0
Malaria,0,0,1,0,0,1,0,0,1,1,0,1,0,0,0,0,1,0,0,1,0
Malaria,0,0,1,0,0,1,0,0,1,0,0,1,0,1,0,0,1,0,0,1,1
Malaria,0,0,1,0,0,1,0,0,1,1,0,1,0,0,0,0,1,0,0,1,0
Malaria,0,0,1,0,0,1,0,0,1,1,0,1,0,0,0,0,1,0,1,1,0
Malaria,0,1,1,0,0,1,0,0,1,0,0,1,0,0,0,0,1,0,0,1,0
Malaria,0,0,1,0,0,1,0,0,1,0,0,1,0,0,0,0,1,0,0,1,0
Malaria,1,0,1,0,0,1,0,0,1,1,0,1,0,0,0,0,1,0,0,1,0
Malaria,0,0,1,0,0,1,0,0,1,1,0,1,0,0,0,0,1,0,0,1,0
Malaria,0,0,1,0,0,1,0,0,1,1,0,1,0,1,0,0,0,0,0,1,0
Malaria,0,0,1,1,0,1,0,0,1,1,1,1,0,0,0,0,1,0,0,1,0
Malaria,0,1,1,0,0,0,0,0,1,1,0,1,0,0,0,0,0,0,0,1,0
Malaria,0,0,1,0,0,1,0,0,1,1,0,1,0,0,0,0,1,1,0,1,0
Malaria,0,0,0,0,0,1,0,0,1,1,0,1,0,0,0,0,1,0,0,1,0
Malaria,0,0,1,0,0,1,0,0,1,1,0,1,0,0,0,0,1,0,0,0,0
Malaria,0,0,1,0,0,0,0,0,1,1,0,1,0,0,0,0,1,0,0,0,0
Malaria,0,0,1,1,0,1,0,0,1,1,0,0,0,0,0,0,1,0,0,1,0
Malaria,0,0,1,0,0,1,0,0,1,1,0,1,0,0,0,0,0,0,1,1,0
Malaria,0,0,1,0,0,1,0,0,1,0,0,1,0,0,0,0,1,0,0,1,0
Malaria,0,0,1,0,0,0,0,0,1,1,0,1,1,0,0,0,1,0,0,1,0
Malaria,0,0,1,0,0,1,0,0,1,1,0,1,0,0,0,1,1,0,0,1,0
Malaria,0,0,1,0,0,1,0,0,0,1,0,1,0,0,0,0,0,0,0,1,0
Malaria,0,0,1,0,0,1,0,0,1,1,0,1,0,0,0,0,1,0,0,1,0
Malaria,0,0,1,0,0,1,0,0,0,1,0,0,1,0,0,0,1,0,1,1,0
Malaria,0,0,1,0,0,1,0,0,1,1,0,1,0,0,0,0,0,0,0,1,0
Typhoid,1,0,0,0,1,1,0,0,1,1,0,1,0,1,0,0,1,0,0,0,0
Typhoid,1,0,0,0,0,1,0,0,1,0,0,0,0,0,0,0,1,0,0,0,0
Typhoid,1,0,1,0,0,0,0,0,1,1,0,1,0,0,0,0,1,0,0,0,0
Typhoid,1,0,1,1,1,1,0,0,1,0,0,1,0,0,0,0,1,0,0,0,0
Typhoid,1,0,1,0,0,1,0,0,1,1,0,0,0,0,0,0,0,0,0,0,0
Typhoid,1,0,1,1,0,1,0,0,1,1,0,1,0,0,0,0,1,0,0,0,0
Typhoid,1,0,1,0,0,1,0,0,0,1,0,1,0,0,0,0,1,0,0,0,0
Typhoid,1,0,1,0,0,1,0,0,0,1,0,0,0,0,0,0,1,0,0,0,0
Typhoid,1,0,1,0,0,1,0,0,0,0,0,1,0,0,0,0,1,0,0,0,1
Typhoid,1,0,1,0,0,1,0,0,1,1,0,1,0,0,1,1,1,0,0,0,0
Typhoid,1,0,1,1,0,1,0,0,0,1,0,1,0,0,0,0,1,0,0,0,0
Typhoid,1,0,1,0,0,1,0,0,0,1,0,1,0,0,0,0,0,0,0,0,0
Typhoid,1,0,1,0,0,0,0,1,1,1,0,0,0,0,0,0,1,0,0,0,0
Typhoid,1,0,0,0,0,1,0,0,1,1,0,1,0,0,0,0,0,0,0,0,0
Typhoid,1,0,1,0,0,1,0,0,1,0,0,1,0,0,0,0,1,0,0,0,0
Typhoid,1,1,1,0,0,1,0,0,1,1,0,0,0,0,0,0,1,0,0,0,0
Typhoid,1,0,1,1,0,1,0,0,1,1,0,1,0,0,0,0,0,0,0,0,0
Typhoid,1,0,1,0,0,1,0,0,1,1,0,1,0,0,0,0,1,0,0,0,0
Typhoid,1,0,1,0,0,1,0,0,1,1,0,1,0,0,0,0,1,0,0,0,0
Typhoid,1,0,1,0,1,1,0,0,1,1,0,1,0,0,0,0,0,0,0,0,0
Typhoid,1,0,1,0,0,1,0,0,1,1,0,1,0,0,0,0,1,0,0,0,0
Typhoid,1,0,1,0,1,1,0,0,0,1,0,1,0,0,0,0,1,0,0,0,0
Typhoid,1,0,1,1,0,1,0,0,1,1,0,1,0,0,0,0,1,0,0,0,0
Typhoid,1,0,1,0,0,0,0,0,1,1,0,1,0,0,0,0,0,0,0,0,0
Typhoid,1,0,1,0,0,1,0,1,1,1,0,0,0,0,0,0,1,0,0,0,0
Typhoid,1,0,1,0,0,1,0,0,1,1,0,1,0,0,0,0,0,0,0,0,0
Typhoid,1,0,1,0,0,1,0,0,1,1,0,1,0,0,0,1,1,0,0,0,0
Typhoid,1,0,1,0,0,1,0,0,0,0,0,1,0,0,0,0,1,1,0,0,1
Typhoid,1,0,1,0,0,0,0,0,0,1,0,1,0,0,0,0,1,0,0,0,0
Typhoid,1,0,1,0,0,1,0,0,0,1,0,1,0,0,0,0,1,0,0,0,0
Typhoid,1,0,1,0,0,1,0,0,1,1,0,0,0,0,0,0,1,0,0,0,0
Typhoid,0,0,1,0,1,1,0,0,0,1,0,1,0,0,0,0,1,0,0,0,0
Typhoid,1,0,1,0,0,1,0,0,1,1,0,1,0,0,0,0,1,0,0,0,0
Typhoid,1,0,1,0,0,1,0,0,1,0,0,1,0,0,0,0,1,0,0,0,0
Typhoid,0,0,1,0,0,1,0,0,0,1,0,1,0,0,1,1,1,0,0,1,0
Typhoid,0,0,1,0,0,1,0,0,1,1,0,1,0,0,0,0,1,0,0,0,0
Typhoid,1,0,1,0,0,1,1,0,1,1,0,1,0,0,0,0,1,0,0,0,0
Typhoid,1,0,1,0,0,1,0,0,1,1,0,0,0,0,0,0,1,0,0,0,0
Typhoid,1,0,1,0,0,1,0,0,1,1,0,1,0,0,0,0,1,0,0,0,0
Typhoid,1,1,1,0,0,1,0,0,1,1,0,1,0,0,0,0,1,0,0,0,0
Diabetes,0,1,0,0,0,0,0,0,1,0,0,0,1,0,0,0,1,0,0,0,1
Diabetes,0,1,0,0,0,1,0,0,1,0,1,0,1,0,0,0,0,0,0,0,0
Diabetes,0,1,0,1,0,0,0,0,1,0,1,1,1,0,0,0,0,0,0,0,0
Diabetes,0,1,0,0,0,0,0,1,1,0,1,0,1,0,1,0,0,0,0,0,0
Diabetes,0,1,0,0,0,0,0,0,0,0,0,0,0,0,0,0,0,0,0,0,0
Diabetes,0,1,0,0,0,0,0,0,0,1,1,0,0,0,0,0,0,0,0,1,0
Diabetes,0,1,0,1,0,0,0,0,1,0,1,0,0,0,0,0,0,0,0,1,0
Diabetes,0,1,0,0,0,0,0,0,1,0,1,0,1,0,0,0,0,0,0,0,0
Diabetes,0,1,0,0,1,0,0,1,1,0,1,0,1,0,1,0,0,0,1,0,0
Diabetes,0,0,0,0,0,1,0,0,1,0,1,0,1,0,0,0,0,0,0,0,0
Diabetes,0,1,0,0,0,0,0,0,1,1,1,0,1,0,0,0,0,0,0,0,0
Diabetes,0,1,0,0,0,0,0,0,1,0,1,0,0,0,0,0,0,0,0,0,0
Diabetes,0,1,0,0,0,0,0,0,1,0,1,0,1,0,0,0,0,0,0,0,0
Diabetes,0,1,0,0,0,0,0,0,1,0,1,0,0,0,0,0,0,0,0,1,0
Diabetes,0,1,1,0,0,0,0,0,1,0,1,0,1,0,1,0,1,0,0,0,0
Diabetes,0,1,0,0,1,1,0,0,1,0,1,0,1,0,0,0,0,0,0,0,0
Diabetes,0,1,0,0,0,0,0,0,0,0,0,0,0,0,0,0,0,0,0,0,0
Diabetes,0,1,0,0,0,0,0,0,1,0,1,0,1,0,0,0,0,0,0,0,0
Diabetes,0,1,0,0,0,0,0,0,1,0,1,0,0,0,0,0,0,0,0,0,0
Diabetes,0,1,0,0,0,0,0,0,1,0,1,0,1,0,0,0,0,0,0,0,0
Diabetes,0,1,1,0,0,0,0,0,1,0,1,0,1,0,0,0,0,0,0,0,0
Diabetes,0,1,0,0,0,0,0,0,1,0,1,0,1,0,0,0,0,0,0,0,0
Diabetes,0,1,1,0,0,0,0,0,1,0,1,0,1,0,0,0,0,0,0,0,0
Diabetes,0,1,0,0,0,0,0,0,1,0,0,0,0,0,0,0,0,0,0,1,0
Diabetes,0,1,0,0,1,0,0,0,1,0,0,0,1,0,0,0,0,0,0,0,0
Diabetes,0,1,0,0,0,0,0,0,1,0,1,0,0,0,0,0,0,0,0,0,0
Diabetes,0,1,0,0,0,0,0,0,1,0,1,0,1,0,0,0,0,0,0,0,0
Diabetes,0,1,0,0,1,0,0,0,1,0,1,0,1,0,0,0,0,0,0,0,0
Diabetes,0,1,0,0,0,0,1,0,1,0,0,0,0,0,0,0,1,0,0,0,0
Diabetes,0,1,0,0,0,0,0,0,1,0,1,0,1,0,0,0,0,0,0,0,0
Diabetes,0,1,0,0,0,0,0,0,1,0,1,0,1,1,0,0,0,0,0,0,0
Diabetes,0,0,0,0,0,0,0,0,1,0,1,0,0,0,0,0,0,0,0,0,0
Diabetes,0,1,0,0,1,1,0,0,0,0,0,0,1,0,0,0,0,0,0,0,0
Diabetes,0,1,0,0,0,0,0,0,1,0,1,0,1,0,0,0,0,0,0,0,0
Diabetes,0,1,0,0,0,0,0,0,1,0,0,0,0,0,0,1,0,0,0,1,0
Diabetes,0,1,0,0,0,0,0,0,0,1,1,0,1,0,0,0,0,0,0,0,0
Diabetes,0,1,0,0,1,0,0,0,1,0,1,0,1,0,0,0,0,0,0,0,0
Diabetes,0,1,0,0,0,0,0,0,1,0,1,0,1,0,0,0,0,0,0,0,0
Diabetes,0,1,0,0,0,0,0,0,1,1,1,0,0,0,0,0,0,0,0,0,0
Diabetes,0,0,0,0,0,0,0,0,1,0,0,0,0,0,0,0,1,0,0,0,0
Hypertension,0,1,0,1,0,0,0,1,1,0,0,1,0,0,0,0,0,0,0,0,0
Hypertension,0,1,0,1,1,0,0,1,0,0,0,1,0,0,0,0,0,0,0,0,0
Hypertension,0,1,0,0,1,0,0,1,1,0,1,1,0,1,0,0,0,0,0,0,0
Hypertension,0,1,0,1,1,1,0,1,1,0,1,1,0,0,0,0,0,0,1,0,0
Hypertension,0,1,0,1,1,0,0,0,1,0,0,1,0,0,0,0,0,0,0,0,0
Hypertension,0,1,0,1,1,0,0,1,1,0,0,1,0,0,0,0,0,0,0,0,0
Hypertension,0,1,0,1,1,0,1,1,0,0,0,1,0,0,0,0,0,0,0,0,0
Hypertension,0,1,0,1,1,0,0,1,1,0,0,1,0,0,0,0,0,0,0,1,0
Hypertension,1,0,0,1,1,0,0,0,1,0,0,1,0,0,0,1,0,0,0,0,0
Hypertension,0,1,0,1,1,0,0,0,1,0,0,1,0,0,0,0,0,0,0,0,0
Hypertension,0,1,0,1,0,0,0,1,1,0,0,1,0,0,0,0,0,0,0,0,0
Hypertension,0,0,0,1,0,0,1,1,1,0,0,1,0,0,0,0,0,0,0,0,0
Hypertension,0,1,0,1,1,0,0,1,1,0,0,1,0,0,0,1,0,0,0,0,0
Hypertension,0,1,0,1,1,0,0,1,1,0,0,1,0,0,0,0,0,0,0,0,0
Hypertension,0,1,0,0,0,0,0,1,1,1,0,1,0,0,0,0,1,0,0,0,0
Hypertension,0,1,0,1,1,0,0,1,1,0,0,0,0,0,0,0,0,0,0,0,0
Hypertension,0,1,0,1,1,0,0,1,1,0,0,1,0,0,0,1,0,0,0,0,0
Hypertension,0,1,0,1,0,0,0,1,1,0,0,1,0,0,0,0,0,0,0,0,0
Hypertension,0,0,0,1,1,0,0,1,1,0,0,1,0,0,0,1,0,0,0,0,0
Hypertension,0,1,0,1,1,0,0,0,1,0,0,1,0,0,0,0,0,0,0,0,0
Hypertension,0,1,0,1,1,0,0,0,0,0,0,1,0,0,0,0,0,1,0,1,0
Hypertension,0,1,0,1,1,0,0,1,1,0,0,1,0,0,0,0,0,0,0,0,0
Hypertension,0,1,0,1,1,0,0,1,1,0,0,1,0,0,0,0,0,1,0,0,0
Hypertension,0,1,0,1,1,0,0,1,1,0,1,0,0,0,0,0,0,0,0,1,0
Hypertension,0,1,0,1,1,0,1,1,1,0,0,1,0,0,0,1,0,1,0,0,0
Hypertension,0,1,0,1,1,1,0,0,1,0,0,1,0,0,0,0,0,0,0,0,0
Hypertension,1,1,0,0,0,0,0,1,1,0,0,1,0,0,0,0,0,0,0,0,1
Hypertension,0,0,0,1,1,0,0,1,1,0,0,0,0,1,0,0,0,0,0,1,0
Hypertension,0,1,1,1,1,0,0,1,1,0,0,1,0,0,0,1,0,0,0,0,0
Hypertension,0,1,0,1,1,0,0,0,1,0,0,1,0,0,0,1,0,0,0,0,0
Hypertension,0,1,0,1,0,0,0,1,1,0,0,0,1,0,0,0,0,0,0,0,0
Hypertension,0,1,0,1,1,1,0,1,1,0,0,1,0,0,0,0,0,0,0,0,0
Hypertension,1,1,0,1,1,0,0,1,1,1,0,1,0,0,0,0,0,0,1,0,0
Hypertension,0,1,0,1,0,1,0,1,1,0,0,1,0,0,0,0,0,0,0,0,0
Hypertension,0,1,0,0,1,0,0,1,0,0,0,1,0,0,0,0,0,0,0,0,0
Hypertension,0,1,0,1,1,0,0,1,1,0,0,1,0,0,0,0,0,0,0,0,0
Hypertension,0,1,0,1,1,0,0,1,1,0,1,1,0,1,0,0,0,0,0,0,0
Hypertension,0,1,0,0,1,0,0,1,0,0,0,1,0,0,0,0,0,0,0,0,1
Hypertension,0,1,0,1,1,0,0,0,1,0,0,1,0,0,0,0,0,0,0,1,0
Hypertension,0,1,0,1,1,0,0,1,0,0,0,1,1,0,0,0,0,0,0,0,0
Asthma,1,0,0,1,1,0,1,0,0,0,0,0,0,0,0,0,0,0,0,0,0
Asthma,1,0,0,1,1,0,1,0,0,0,0,0,0,1,0,0,0,0,0,0,0
Asthma,0,0,0,1,1,0,1,0,0,0,0,0,0,0,0,0,0,0,0,0,0
Asthma,0,0,0,1,1,0,1,0,0,0,0,0,0,0,0,0,0,0,0,0,0
Asthma,0,0,1,1,1,0,1,0,0,0,0,1,0,0,0,0,0,0,0,0,0
Asthma,0,0,0,1,1,0,1,0,0,0,0,1,0,0,0,0,0,0,0,0,0
Asthma,0,0,0,0,1,0,1,0,0,0,0,0,0,1,0,0,0,0,0,0,0
Asthma,0,0,0,1,0,0,1,0,0,0,0,0,0,0,1,0,0,0,0,0,0
Asthma,0,0,0,1,1,0,1,0,0,0,0,1,1,0,0,1,0,0,0,0,0
Asthma,0,0,0,1,1,0,1,0,0,0,0,1,0,0,0,0,0,0,0,0,0
Asthma,0,0,0,0,1,0,0,0,1,0,0,0,0,0,0,0,0,0,0,0,0
Asthma,0,1,0,1,1,0,1,0,1,0,0,0,0,0,0,0,0,0,0,0,0
Asthma,0,0,0,1,1,0,1,0,0,0,0,0,0,0,0,0,0,0,0,0,0
Asthma,0,0,0,1,1,0,1,0,0,0,0,0,0,0,0,0,0,0,0,0,0
Asthma,0,0,0,1,1,0,1,0,0,0,0,0,0,0,0,0,0,0,1,0,0
Asthma,0,0,0,0,1,0,1,0,0,1,0,0,0,0,0,0,0,0,0,0,0
Asthma,0,0,0,1,0,0,1,0,0,0,0,0,0,0,0,0,0,0,0,0,0
Asthma,0,0,0,1,1,0,1,0,0,0,0,0,0,1,0,0,0,0,0,0,0
Asthma,0,0,1,1,1,0,1,0,0,0,0,0,0,0,0,0,0,0,0,0,0
Asthma,0,0,0,1,1,0,1,0,0,0,0,0,0,0,0,0,0,0,0,0,0
Asthma,0,0,0,1,1,0,1,0,0,0,0,0,0,1,0,1,0,0,1,0,0
Asthma,0,0,0,1,1,0,1,0,0,0,0,0,0,0,0,0,0,0,0,0,0
Asthma,0,0,0,0,1,0,1,0,0,0,0,0,0,0,0,0,0,0,0,0,0
Asthma,0,0,0,1,1,0,1,0,0,0,0,0,0,0,0,0,0,0,0,0,0
Asthma,1,0,0,1,1,0,1,0,0,0,0,0,0,0,1,0,0,0,0,0,0
Asthma,0,1,0,1,1,0,1,0,0,0,0,0,1,0,0,0,0,0,0,0,0
Asthma,0,0,0,1,1,0,1,0,0,0,0,0,0,0,0,0,0,0,0,0,0
Asthma,0,0,0,1,1,0,1,0,0,0,0,0,0,0,0,0,0,0,0,0,0
Asthma,0,0,0,1,1,0,1,0,0,0,0,0,0,0,0,0,0,0,0,0,0
Asthma,1,0,0,1,1,0,1,0,0,0,0,0,0,0,0,0,0,1,0,0,0
Asthma,0,0,0,1,1,0,1,0,0,0,0,0,0,0,0,0,0,0,0,0,0
Asthma,0,0,0,1,1,0,0,0,0,0,0,0,0,0,0,0,1,0,0,1,0
Asthma,0,0,0,1,1,0,1,0,0,0,0,0,0,0,0,0,0,0,0,0,0
Asthma,0,0,0,1,1,0,1,0,0,0,0,0,0,0,0,0,0,0,0,0,0
Asthma,0,0,0,1,1,0,1,0,0,0,0,1,0,0,0,0,0,0,0,0,0
Asthma,0,0,0,1,1,0,1,0,0,0,0,0,0,0,0,0,0,0,0,0,0
Asthma,0,0,0,0,1,0,1,0,0,0,0,0,0,0,0,0,0,0,0,0,0
Asthma,0,0,0,1,0,0,1,0,0,0,0,0,0,0,0,0,0,0,0,0,0
Asthma,0,0,0,0,1,0,1,0,0,0,0,0,0,0,0,1,0,0,0,0,0
Asthma,0,0,0,1,1,0,1,0,0,1,0,0,0,0,0,0,0,0,0,0,0
Heart Attack,0,0,0,1,1,0,0,1,0,0,0,0,0,0,0,0,1,0,0,1,0
Heart Attack,0,0,0,1,1,0,0,1,0,0,0,0,0,0,0,0,1,0,0,1,0
Heart Attack,0,0,0,1,1,0,0,1,0,0,0,0,0,0,0,0,1,0,0,0,0
Heart Attack,0,0,0,1,1,1,0,1,0,0,0,0,1,0,0,0,1,0,0,0,0
Heart Attack,0,0,0,1,1,0,0,1,0,0,0,0,0,0,0,1,1,0,0,1,0
Heart Attack,0,0,0,1,1,0,0,1,0,0,0,0,0,0,0,0,0,0,0,1,0
Heart Attack,0,0,0,1,0,0,0,1,0,0,0,0,0,0,0,0,1,0,0,1,0
Heart Attack,0,0,0,1,1,0,0,0,0,0,0,0,0,0,0,0,1,0,0,1,0
Heart Attack,0,1,0,0,1,0,1,1,0,0,0,0,0,0,0,0,1,0,0,1,0
Heart Attack,0,0,0,1,1,0,0,0,0,0,0,0,0,0,0,0,0,0,0,1,0
Heart Attack,0,0,0,1,1,0,0,1,0,0,0,1,0,0,0,0,1,0,0,1,0
Heart Attack,0,0,0,0,1,0,0,0,0,1,0,0,1,0,0,0,1,0,0,1,0
Heart Attack,0,0,0,1,0,0,0,1,0,0,0,0,0,0,0,0,1,0,0,1,0
Heart Attack,0,0,0,0,1,0,0,0,0,0,0,0,0,0,0,0,0,0,1,1,0
Heart Attack,0,0,0,1,1,0,0,1,0,0,0,0,1,0,0,0,1,0,0,1,0
Heart Attack,0,1,0,1,0,0,0,0,0,0,0,0,0,0,0,0,1,0,0,1,0
Heart Attack,0,0,0,1,1,0,0,0,0,0,0,0,0,0,0,0,1,0,0,0,0
Heart Attack,0,0,0,1,1,0,0,1,0,0,0,0,0,0,0,0,1,0,0,1,0
Heart Attack,0,0,0,1,0,0,0,1,0,0,0,1,0,0,0,0,1,0,0,0,0
Heart Attack,0,0,0,0,1,0,0,1,0,0,0,0,0,0,0,0,0,0,0,0,0
Heart Attack,0,0,0,1,1,0,0,1,0,0,0,0,0,0,0,0,1,0,0,1,0
Heart Attack,0,0,0,1,1,0,0,1,0,0,0,0,0,0,0,0,1,0,0,1,0
Heart Attack,0,0,0,1,1,0,0,0,0,0,0,0,0,0,0,0,1,1,0,1,0
Heart Attack,0,1,0,0,1,1,0,1,0,0,0,0,0,0,0,0,1,0,0,1,1
Heart Attack,0,0,0,1,1,0,0,0,0,0,0,0,0,0,0,0,1,0,0,1,0
Heart Attack,0,0,0,1,1,0,0,1,0,0,0,0,0,0,0,0,1,0,0,1,0
Heart Attack,0,0,0,1,1,0,0,0,0,0,0,0,1,0,1,0,1,0,0,1,0
Heart Attack,1,0,0,1,1,0,0,0,0,0,0,0,0,0,0,0,1,0,0,1,0
Heart Attack,0,0,0,1,1,0,0,1,0,0,0,0,0,0,0,0,1,0,0,1,0
Heart Attack,0,0,0,1,1,0,0,1,0,0,0,0,0,1,0,0,1,0,0,1,0
Heart Attack,0,0,1,1,1,0,0,1,0,0,0,0,0,0,0,0,1,0,0,1,0
Heart Attack,0,0,0,1,1,0,0,1,0,0,0,0,0,0,0,0,1,0,0,1,0
Heart Attack,0,1,0,1,1,0,0,1,0,0,1,0,0,0,0,0,1,0,0,1,0
Heart Attack,0,0,0,1,1,1,0,1,0,0,0,0,0,0,0,0,0,0,0,1,0
Heart Attack,0,0,0,1,1,0,0,1,0,0,0,0,0,0,0,0,1,0,0,0,0
Heart Attack,1,0,0,1,1,0,0,1,0,0,0,0,0,0,0,0,1,0,0,1,0
Heart Attack,0,0,0,1,1,0,0,0,0,0,0,0,0,1,0,0,1,0,0,1,0
Heart Attack,0,0,0,1,1,0,0,1,0,0,0,0,0,0,0,0,1,0,0,1,0
Heart Attack,0,0,0,1,1,0,0,1,0,0,0,0,0,0,0,0,1,0,0,0,0
Heart Attack,0,0,0,1,1,0,0,1,0,0,0,0,0,0,0,0,1,0,0,0,0
Gastroenteritis,1,0,0,0,0,0,0,0,0,1,0,1,0,0,0,0,1,0,0,0,1
Gastroenteritis,1,0,1,0,0,0,0,0,1,1,0,1,0,0,0,0,1,0,0,0,0
Gastroenteritis,1,0,1,0,0,0,0,0,1,1,0,1,0,0,0,0,1,0,0,0,1
Gastroenteritis,1,0,1,0,0,0,0,0,1,1,0,1,0,0,0,0,1,0,0,0,1
Gastroenteritis,1,0,0,0,0,0,0,1,1,1,0,1,0,0,0,0,1,0,0,0,1
Gastroenteritis,1,0,1,0,0,0,0,0,1,1,0,1,0,0,0,0,1,0,0,0,1
Gastroenteritis,1,0,1,0,0,0,0,0,1,1,0,1,0,0,0,0,1,0,0,0,0
Gastroenteritis,1,0,0,0,0,0,0,0,0,1,0,1,1,0,0,0,0,0,0,0,1
Gastroenteritis,1,0,1,0,0,0,0,0,1,1,0,1,0,0,0,0,1,0,1,0,1
Gastroenteritis,1,0,1,0,1,0,0,0,1,1,0,1,0,0,0,0,1,0,0,0,0
Gastroenteritis,1,0,1,0,0,0,0,1,1,1,0,1,0,0,0,0,1,0,1,0,0
Gastroenteritis,0,1,1,0,0,0,0,0,1,1,0,1,0,0,0,0,1,0,1,0,1
Gastroenteritis,1,0,0,0,0,0,0,0,1,1,0,1,0,0,0,0,0,0,0,0,1
Gastroenteritis,1,0,0,0,0,0,1,0,1,1,0,1,0,0,0,0,1,0,0,0,1
Gastroenteritis,1,0,1,0,0,0,0,0,1,1,0,1,0,0,0,0,1,0,0,0,1
Gastroenteritis,1,0,1,0,0,0,0,0,1,1,0,1,0,0,0,0,1,0,0,0,0
Gastroenteritis,1,0,1,0,0,0,0,0,0,1,0,0,0,0,0,0,1,0,0,0,1
Gastroenteritis,1,0,1,0,0,0,0,1,1,1,0,1,0,0,0,0,1,0,0,0,1
Gastroenteritis,1,0,1,0,0,0,0,0,1,0,0,1,0,0,0,0,0,0,0,0,1
Gastroenteritis,1,0,1,0,0,0,0,1,1,0,0,1,0,0,0,0,1,0,0,0,1
Gastroenteritis,1,0,1,0,0,0,0,0,1,1,0,1,0,0,0,0,1,0,0,0,0
Gastroenteritis,0,0,1,0,0,1,0,0,1,1,0,1,0,0,0,0,0,1,1,0,1
Gastroenteritis,0,0,1,0,0,0,0,0,1,0,0,1,0,0,1,0,0,0,0,0,1
Gastroenteritis,0,0,1,0,0,0,0,0,1,1,1,1,1,0,0,0,1,1,0,0,1
Gastroenteritis,1,0,1,0,0,0,0,0,0,1,1,1,0,0,0,0,1,0,0,0,1
Gastroenteritis,1,0,1,0,0,0,1,0,1,1,0,1,0,0,0,0,1,0,0,0,1
Gastroenteritis,1,0,1,0,0,0,0,1,0,1,0,1,0,0,0,0,1,0,0,0,1
Gastroenteritis,1,0,1,0,0,0,0,0,1,1,0,1,0,0,0,0,1,0,0,0,1
Gastroenteritis,1,0,1,0,0,0,0,0,1,1,0,1,0,0,0,0,1,0,0,0,1
Gastroenteritis,1,0,1,0,0,0,0,0,1,1,0,0,0,0,0,0,1,0,0,0,1
Gastroenteritis,1,1,0,0,0,0,0,0,1,1,0,1,0,0,0,1,1,0,0,0,1
Gastroenteritis,1,0,1,0,0,0,0,0,1,1,0,1,0,0,0,0,1,0,0,0,1
Gastroenteritis,1,0,1,0,0,0,0,0,1,1,0,1,0,0,0,0,0,0,0,1,1
Gastroenteritis,1,0,0,0,0,1,0,0,0,1,0,0,0,0,0,0,1,0,0,1,1
Gastroenteritis,1,0,1,0,0,0,0,0,0,1,0,1,0,0,0,0,1,0,0,0,1
Gastroenteritis,1,0,1,0,0,0,0,0,1,1,0,1,0,0,0,0,1,0,0,0,1
Gastroenteritis,1,0,1,0,0,0,0,0,1,1,0,1,1,0,0,0,1,1,0,0,1
Gastroenteritis,1,1,1,1,0,0,0,0,1,1,0,1,0,0,0,0,1,0,0,0,1
Gastroenteritis,1,0,0,0,0,0,0,0,1,1,0,1,0,0,0,0,1,0,0,0,0
Gastroenteritis,1,0,1,0,0,0,0,0,1,1,1,1,0,0,0,0,0,0,0,1,1
Pneumonia,0,0,0,1,1,1,1,0,0,1,0,0,0,0,0,0,0,0,0,0,0
Pneumonia,0,0,0,1,1,1,1,0,1,1,0,0,0,0,0,0,0,0,0,0,0
Pneumonia,0,0,0,1,1,1,1,0,1,1,0,0,0,0,0,1,0,0,0,0,0
Pneumonia,0,0,0,1,1,1,1,0,1,1,0,0,0,0,0,0,0,1,1,0,0
Pneumonia,0,0,0,1,1,0,1,0,1,1,0,0,0,0,0,0,0,0,0,0,0
Pneumonia,0,1,0,1,1,1,1,0,1,1,0,0,0,0,0,0,0,0,0,0,0
Pneumonia,0,0,0,0,0,1,1,0,1,0,1,1,0,0,0,0,0,0,0,0,0
Pneumonia,0,0,0,0,1,1,1,0,1,1,1,0,0,0,0,0,0,0,0,0,0
Pneumonia,0,0,0,1,1,1,1,0,1,1,0,0,0,0,0,0,0,0,0,0,0
Pneumonia,0,0,1,1,0,1,1,0,1,0,0,0,0,0,0,0,0,0,0,0,0
Pneumonia,0,0,0,1,1,0,1,0,1,1,0,0,0,0,0,0,0,0,0,0,0
Pneumonia,0,0,0,1,0,1,1,0,1,1,0,0,0,0,0,0,0,0,0,0,0
Pneumonia,1,0,0,1,1,1,1,0,0,1,0,0,0,0,0,0,0,0,0,0,0
Pneumonia,0,0,0,1,0,1,1,0,1,1,0,0,1,0,0,0,0,0,0,0,0
Pneumonia,0,0,0,1,1,0,1,0,1,1,0,0,0,0,0,0,0,0,0,0,0
Pneumonia,0,0,0,1,1,1,1,0,1,1,0,1,0,0,0,0,0,0,0,0,0
Pneumonia,0,0,0,1,1,1,1,0,1,1,0,0,1,0,0,0,0,0,0,0,0
Pneumonia,0,0,0,1,1,1,1,0,1,1,0,1,0,0,0,0,0,0,0,0,0
Pneumonia,0,0,0,1,1,0,1,0,1,0,0,0,0,0,0,0,0,0,0,0,0
Pneumonia,0,0,0,1,1,1,1,0,1,1,0,0,0,0,0,0,0,0,0,0,0
Pneumonia,0,0,0,1,1,1,1,0,1,1,0,0,0,0,1,0,0,0,0,0,0
Pneumonia,0,0,0,1,0,1,1,0,1,1,0,0,0,0,0,0,0,0,0,0,0
Pneumonia,0,1,0,1,1,1,1,0,1,0,0,0,0,0,0,0,0,0,0,0,0
Pneumonia,0,0,0,1,1,1,1,0,1,1,0,0,0,0,0,0,0,0,0,0,0
Pneumonia,0,0,1,1,1,1,0,0,1,1,0,0,0,0,0,1,1,0,0,0,0
Pneumonia,0,0,0,1,1,1,1,0,1,0,0,0,0,0,0,0,0,0,0,0,0
Pneumonia,0,0,0,1,1,1,1,0,1,1,0,0,0,0,0,0,0,0,0,0,0
Pneumonia,0,0,0,1,1,1,1,0,1,1,0,0,0,0,0,0,0,0,0,0,0
Pneumonia,0,1,0,1,1,1,1,0,1,0,0,1,0,0,0,0,0,0,0,0,0
Pneumonia,1,0,0,1,1,1,1,0,1,1,0,0,0,0,0,0,0,0,0,0,0
Pneumonia,0,0,0,1,1,1,1,1,1,1,0,0,0,0,0,0,0,0,0,0,0
Pneumonia,0,0,0,1,1,1,1,0,1,1,0,0,0,0,0,0,0,0,0,0,0
Pneumonia,0,0,0,1,1,1,0,0,1,0,0,0,0,0,0,0,0,0,0,0,0
Pneumonia,0,0,0,0,1,1,1,0,1,1,0,0,0,0,0,0,0,0,1,0,0
Pneumonia,0,0,0,1,1,1,1,0,1,0,0,0,0,0,0,0,0,0,0,0,0
Pneumonia,0,0,0,1,1,1,1,0,1,1,0,0,0,0,0,0,0,0,0,0,0
Pneumonia,0,0,0,1,0,0,1,0,1,1,0,0,0,0,0,0,0,0,0,0,0
Pneumonia,0,0,0,1,1,1,0,0,1,1,0,0,1,0,0,0,0,1,0,1,0
Pneumonia,0,0,0,0,1,1,1,0,0,1,0,0,0,0,0,0,0,0,0,0,0
Pneumonia,0,0,0,1,1,1,1,0,1,0,0,0,0,0,0,0,0,0,0,0,0
Bronchitis,0,0,0,0,1,1,0,1,1,0,0,0,0,0,0,0,0,1,1,1,0
Bronchitis,0,0,0,0,1,0,1,0,1,0,0,0,0,0,0,0,0,1,1,1,0
Bronchitis,0,0,0,0,1,0,1,0,0,0,0,0,0,0,0,0,0,1,1,0,1
Bronchitis,0,0,0,0,1,0,1,0,1,0,0,0,0,0,0,0,0,1,1,0,0
Bronchitis,0,0,0,0,1,0,1,0,1,0,0,0,0,0,0,0,0,1,1,0,0
Bronchitis,0,1,0,1,1,0,1,0,1,0,0,0,0,0,0,0,0,1,1,0,0
Bronchitis,0,1,0,0,1,0,0,0,0,0,0,0,0,0,0,0,0,1,1,0,0
Bronchitis,0,0,0,0,1,0,0,0,1,0,0,0,0,0,0,0,0,1,1,0,0
Bronchitis,0,0,0,0,1,0,1,0,1,0,0,0,0,0,0,0,0,1,1,0,0
Bronchitis,0,0,0,0,0,0,1,0,1,0,0,0,0,0,0,0,0,1,1,0,0
Bronchitis,0,0,0,0,1,0,1,0,1,0,0,0,0,0,0,0,0,1,1,0,0
Bronchitis,0,0,0,0,1,0,1,0,1,0,0,0,0,0,0,0,0,0,1,0,0
Bronchitis,0,0,0,0,1,0,1,0,0,0,0,0,0,0,0,0,0,1,1,0,0
Bronchitis,0,0,0,0,0,0,1,0,1,0,0,0,0,0,0,0,0,1,1,0,0
Bronchitis,0,0,0,0,1,0,0,0,0,0,0,0,0,0,0,0,0,1,1,0,0
Bronchitis,0,0,1,0,1,0,1,0,0,0,0,0,0,0,0,0,0,1,1,0,0
Bronchitis,0,0,0,0,1,0,1,0,1,0,0,0,0,0,0,0,0,1,1,0,0
Bronchitis,0,0,0,0,1,0,0,0,1,0,0,0,0,0,0,0,0,1,0,0,0
Bronchitis,0,0,0,0,1,0,1,0,1,0,0,0,0,0,0,0,0,1,0,0,0
Bronchitis,0,1,0,0,1,0,1,0,1,1,0,0,0,0,0,0,0,1,0,0,0
Bronchitis,0,0,0,0,0,0,0,0,1,0,0,0,0,0,0,0,0,1,1,0,0
Bronchitis,0,0,0,0,1,0,1,0,0,0,0,0,0,0,0,0,0,1,0,0,1
Bronchitis,0,0,0,0,1,0,1,0,1,0,1,0,0,0,0,0,0,1,1,0,0
Bronchitis,0,0,0,0,1,0,1,0,1,0,0,0,0,0,0,0,0,1,1,0,0
Bronchitis,0,0,0,0,1,0,1,0,1,0,0,0,0,0,0,0,0,1,1,0,0
Bronchitis,0,0,0,0,1,0,1,0,1,0,0,0,0,0,0,0,0,1,1,0,0
Bronchitis,0,0,0,0,0,0,1,0,1,0,0,0,0,0,0,0,0,1,1,0,0
Bronchitis,0,0,0,0,1,0,1,0,1,0,0,0,0,0,0,0,0,1,1,1,0
Bronchitis,0,0,0,0,1,0,1,0,1,0,1,0,0,0,0,0,0,1,1,0,0
Bronchitis,0,0,0,0,1,0,0,0,1,0,0,0,0,0,1,1,0,0,1,0,0
Bronchitis,0,0,0,0,1,0,0,0,1,0,0,0,0,0,0,0,0,1,1,0,0
Bronchitis,0,0,0,0,1,0,1,1,0,0,0,0,0,0,0,1,0,1,1,0,1
Bronchitis,0,0,0,0,1,0,1,0,1,0,0,0,0,0,0,0,0,1,1,0,0
Bronchitis,0,0,0,0,0,0,0,0,1,0,0,0,0,0,0,0,0,1,1,0,0
Bronchitis,0,0,0,0,1,0,1,0,1,0,0,0,0,0,0,0,0,1,1,0,0
Bronchitis,0,0,0,0,1,0,1,0,1,0,0,0,0,1,0,0,0,1,0,0,0
Bronchitis,0,0,0,0,1,1,1,0,1,0,0,0,0,0,1,0,0,1,1,0,0
Bronchitis,0,0,0,0,1,0,1,0,0,0,0,0,0,0,0,0,0,1,1,0,0
Bronchitis,1,0,0,0,1,0,1,0,0,0,0,0,0,0,0,0,0,1,1,0,1
Bronchitis,1,0,0,0,1,0,1,0,1,0,0,0,0,0,0,0,0,1,0,0,0
Tuberculosis,0,0,0,0,1,1,1,0,1,1,0,0,0,0,0,0,0,0,0,1,0
Tuberculosis,0,0,0,0,1,1,1,0,1,1,0,0,0,0,0,0,0,0,0,1,0
Tuberculosis,0,0,0,0,0,0,1,0,1,1,0,0,0,1,0,0,0,0,0,1,0
Tuberculosis,0,0,0,0,1,1,1,0,1,1,0,0,0,0,0,0,0,0,0,1,0
Tuberculosis,1,1,0,0,1,1,1,0,1,0,0,0,0,0,0,0,0,0,0,1,0
Tuberculosis,0,0,0,0,1,0,1,0,1,1,0,0,0,0,0,0,0,0,0,1,0
Tuberculosis,0,0,0,0,0,1,1,0,1,0,0,0,0,0,0,0,0,0,0,1,0
Tuberculosis,0,0,0,0,0,1,1,0,1,1,0,0,0,1,0,0,0,0,0,1,0
Tuberculosis,0,0,0,0,1,1,1,0,0,1,0,0,0,0,0,0,0,0,0,1,0
Tuberculosis,0,0,0,0,1,1,1,0,0,1,0,0,0,0,0,0,0,0,0,1,0
Tuberculosis,1,0,0,0,0,1,1,0,1,1,0,0,0,0,0,0,0,0,0,1,0
Tuberculosis,0,0,0,1,0,0,1,0,1,1,0,0,0,0,0,0,0,0,0,1,0
Tuberculosis,0,0,0,1,1,1,1,0,0,1,0,0,0,0,0,0,1,0,0,1,0
Tuberculosis,0,0,0,0,0,1,1,0,1,1,0,0,0,0,0,0,0,0,0,1,0
Tuberculosis,0,0,0,0,0,1,1,0,1,1,0,0,0,0,0,0,0,0,0,1,0
Tuberculosis,0,0,0,0,1,1,1,0,1,1,0,1,0,0,0,0,0,0,0,1,0
Tuberculosis,0,0,0,0,1,0,1,0,0,1,0,0,0,0,0,0,0,0,0,1,0
Tuberculosis,0,0,0,1,0,1,1,0,1,1,0,0,0,0,0,0,0,0,0,1,0
Tuberculosis,0,0,0,0,1,1,0,0,1,1,0,0,0,0,0,0,0,1,0,1,0
Tuberculosis,0,0,0,1,1,0,1,0,1,0,0,0,0,0,0,0,0,0,0,1,0
Tuberculosis,0,1,0,0,1,0,0,0,1,1,0,0,0,0,0,0,0,0,0,0,0
Tuberculosis,0,0,0,0,1,1,1,0,1,1,0,0,0,0,0,0,0,0,0,0,0
Tuberculosis,0,0,0,0,1,1,1,1,1,1,0,0,0,1,0,0,0,0,0,1,0
Tuberculosis,0,0,1,1,1,1,1,1,1,1,0,0,1,0,0,0,0,0,0,1,0
Tuberculosis,0,0,0,0,1,1,1,0,1,1,0,0,0,0,0,0,0,0,0,0,0
Tuberculosis,0,0,0,0,1,1,1,0,1,1,0,0,0,0,0,0,0,0,0,1,0
Tuberculosis,0,0,0,0,1,1,0,0,0,1,0,0,0,0,0,0,0,0,0,1,0
Tuberculosis,0,0,0,0,1,0,1,0,1,0,0,0,0,0,0,0,0,0,0,1,0
Tuberculosis,0,0,0,1,1,1,1,0,1,1,0,0,0,1,0,0,0,0,0,1,0
Tuberculosis,0,0,0,0,0,0,1,0,1,1,0,0,0,0,0,0,0,0,0,1,0
Tuberculosis,1,0,0,0,1,1,1,1,1,1,0,0,0,0,0,0,0,0,0,0,0
Tuberculosis,0,0,0,0,1,0,1,0,1,1,0,0,0,0,0,0,0,0,0,1,0
Tuberculosis,0,0,0,0,1,1,1,0,1,1,0,1,0,0,0,0,0,1,0,1,0
Tuberculosis,0,0,0,0,1,1,0,0,1,1,0,0,0,0,0,0,0,0,0,1,0
Tuberculosis,0,0,0,0,1,1,1,0,1,1,0,0,0,0,0,0,0,0,0,1,0
Tuberculosis,0,0,0,0,1,0,1,0,1,1,0,0,0,0,0,0,0,0,0,0,0
Tuberculosis,0,0,0,1,1,1,1,0,1,1,0,0,0,0,0,0,0,0,0,1,0
Tuberculosis,0,0,0,0,1,1,1,0,1,1,0,0,0,0,0,0,0,0,0,1,1
Tuberculosis,0,0,0,0,1,1,1,0,1,1,0,0,0,0,0,0,0,0,0,1,0
Tuberculosis,0,0,0,0,1,1,1,0,1,1,0,0,0,0,0,0,0,0,0,0,0
Peptic Ulcer,1,0,0,0,0,0,0,0,1,0,0,0,0,0,0,0,1,0,0,0,1
Peptic Ulcer,1,1,0,0,0,0,0,0,1,0,0,0,0,0,0,0,1,0,0,1,1
Peptic Ulcer,1,0,0,0,0,0,0,0,1,0,1,0,0,0,0,0,1,0,1,0,1
Peptic Ulcer,1,0,0,0,0,0,0,0,1,0,0,0,0,0,0,0,1,0,0,0,1
Peptic Ulcer,1,0,0,0,0,0,0,0,1,0,0,0,0,0,0,0,1,0,1,0,1
Peptic Ulcer,1,0,0,0,0,0,0,0,1,0,0,0,0,0,0,1,1,0,0,0,1
Peptic Ulcer,0,0,0,0,0,0,0,0,1,0,0,0,0,0,0,0,1,0,0,0,0
Peptic Ulcer,0,0,0,0,0,0,0,1,0,0,0,0,1,0,0,0,0,0,0,0,1
Peptic Ulcer,1,0,0,0,0,0,0,1,1,0,0,0,0,0,0,0,1,0,0,0,1
Peptic Ulcer,1,0,0,0,0,0,1,0,1,0,0,0,0,0,0,0,1,0,0,0,1
Peptic Ulcer,0,0,0,0,0,0,0,0,1,0,0,0,0,0,0,0,1,0,0,0,1
Peptic Ulcer,1,0,1,0,0,0,0,0,1,0,1,0,1,0,0,0,1,0,0,0,1
Peptic Ulcer,1,0,0,0,0,1,0,0,1,0,0,0,0,0,0,0,1,0,0,1,1
Peptic Ulcer,1,0,0,0,0,0,0,0,1,0,0,0,0,1,0,0,1,0,0,0,1
Peptic Ulcer,1,0,0,1,0,0,0,0,1,0,0,0,0,0,0,0,0,0,1,0,1
Peptic Ulcer,1,0,0,1,0,0,0,0,1,0,0,0,0,0,0,1,1,0,0,0,1
Peptic Ulcer,0,0,0,0,0,0,0,0,1,0,0,0,0,0,0,0,1,0,0,0,1
Peptic Ulcer,1,0,0,0,0,0,0,0,1,0,1,0,0,0,0,0,1,0,0,0,1
Peptic Ulcer,1,1,0,0,0,0,0,0,1,0,0,0,0,0,0,0,1,0,0,0,1
Peptic Ulcer,1,0,0,0,0,0,0,0,0,1,0,0,0,0,0,0,1,0,0,0,0
Peptic Ulcer,1,0,0,0,0,1,0,0,1,0,0,0,0,0,0,0,1,0,0,0,1
Peptic Ulcer,1,0,1,0,0,0,0,1,1,0,0,0,0,0,0,0,1,0,0,0,1
Peptic Ulcer,1,0,0,0,1,0,0,0,1,0,0,0,0,0,0,0,0,0,0,0,0
Peptic Ulcer,0,0,0,0,0,0,0,0,1,0,0,0,1,0,0,0,1,0,0,0,1
Peptic Ulcer,1,0,0,0,0,0,0,0,1,0,0,0,0,0,0,0,0,0,0,0,1
Peptic Ulcer,1,0,0,0,0,0,0,0,1,0,0,0,0,0,0,0,1,0,0,0,1
Peptic Ulcer,0,0,0,0,0,1,0,0,1,0,0,0,0,0,0,0,1,0,0,0,1
Peptic Ulcer,1,0,0,0,0,0,0,0,1,0,0,0,0,0,1,0,1,0,0,0,1
Peptic Ulcer,1,0,0,0,0,0,0,0,1,0,0,0,0,0,0,0,1,0,0,0,1
Peptic Ulcer,1,0,0,0,0,0,0,0,1,0,0,0,0,0,0,0,1,1,0,0,0
Peptic Ulcer,1,0,0,0,0,0,0,0,1,0,0,0,0,0,0,1,0,0,0,0,1
Peptic Ulcer,1,0,1,0,0,0,0,0,1,0,0,0,0,0,0,0,1,0,0,0,1
Peptic Ulcer,1,0,0,0,0,0,0,0,1,0,0,0,0,0,0,0,1,0,0,0,1
Peptic Ulcer,1,0,0,0,0,1,0,0,1,0,0,0,0,0,0,0,1,0,0,0,1
Peptic Ulcer,1,0,0,0,0,0,0,0,1,0,0,0,0,0,0,0,1,0,0,1,1
Peptic Ulcer,0,0,0,0,0,0,0,0,0,0,0,0,0,0,0,0,1,0,0,1,1
Peptic Ulcer,1,0,0,0,0,0,0,0,1,0,0,0,0,0,0,0,1,0,0,0,1
Peptic Ulcer,1,0,0,0,0,0,0,0,1,0,0,0,0,0,0,0,1,0,0,0,0
Peptic Ulcer,1,0,0,0,0,0,0,0,1,0,1,1,0,0,0,0,1,0,0,0,1
Peptic Ulcer,1,0,0,0,0,0,0,0,1,0,0,0,0,0,0,0,0,0,0,0,1
Appendicitis,1,0,0,0,0,0,0,0,0,1,0,0,0,0,0,0,1,0,0,0,1
Appendicitis,1,0,0,0,0,0,0,0,0,1,0,0,0,0,0,0,1,0,0,0,1
Appendicitis,1,0,0,0,0,0,0,0,0,1,0,0,0,0,0,0,1,1,0,0,1
Appendicitis,1,0,0,0,0,0,0,0,0,1,0,0,0,0,0,0,1,0,0,1,1
Appendicitis,1,0,0,0,0,0,0,1,0,0,0,0,0,0,0,0,1,0,0,0,1
Appendicitis,1,0,0,0,0,0,0,0,0,0,0,1,0,0,0,0,1,0,0,0,1
Appendicitis,1,0,0,0,0,0,0,0,0,1,0,0,0,0,0,0,1,0,0,0,1
Appendicitis,1,0,0,1,1,0,0,0,0,1,0,0,0,0,0,0,1,0,0,0,1
Appendicitis,1,0,0,0,0,0,0,0,0,1,0,0,0,0,0,0,1,0,0,0,1
Appendicitis,1,0,0,0,0,0,0,0,0,1,0,0,0,0,0,0,1,0,0,0,1
Appendicitis,1,0,0,0,1,0,0,0,1,1,0,0,0,0,0,0,1,0,0,0,1
Appendicitis,1,0,0,0,0,1,0,1,0,1,0,0,0,0,0,0,0,0,0,0,1
Appendicitis,1,0,0,0,0,1,0,0,0,1,0,0,0,0,0,0,1,0,0,0,1
Appendicitis,0,0,0,0,0,0,0,0,0,0,0,0,0,0,0,0,1,0,0,0,1
Appendicitis,1,0,0,0,0,0,0,1,1,0,0,0,0,0,0,0,1,0,0,0,1
Appendicitis,1,0,0,0,0,0,0,0,0,1,0,0,0,0,0,0,1,0,0,0,1
Appendicitis,0,0,0,0,0,0,0,0,0,1,0,0,0,0,0,0,1,0,0,0,1
Appendicitis,1,0,0,0,0,0,0,0,0,1,0,0,0,0,0,0,1,0,0,0,1
Appendicitis,1,0,0,0,1,0,0,0,0,1,0,0,0,0,0,0,1,1,0,0,1
Appendicitis,1,0,0,0,0,0,0,0,1,1,0,0,0,0,0,0,1,0,0,0,1
Appendicitis,1,0,0,0,0,0,0,0,0,1,0,0,0,0,0,0,1,0,0,0,1
Appendicitis,1,0,0,0,0,0,0,0,0,1,0,0,0,0,0,0,1,0,0,1,1
Appendicitis,1,0,0,0,0,0,0,0,0,1,0,0,0,0,0,0,1,0,0,0,1
Appendicitis,1,0,0,1,0,0,0,0,0,1,0,0,0,0,0,0,1,0,0,0,0
Appendicitis,1,0,0,0,0,0,0,0,0,1,0,0,0,0,0,0,1,1,0,0,1
Appendicitis,1,0,0,0,0,0,0,0,0,0,0,0,0,0,0,0,0,0,0,0,1
Appendicitis,1,0,0,0,0,0,1,0,0,1,0,0,0,0,0,0,1,0,0,0,0
Appendicitis,1,0,0,0,0,0,0,0,0,1,0,0,0,0,0,0,0,0,0,0,1
Appendicitis,0,0,0,0,0,0,0,0,0,1,0,0,0,0,0,0,0,0,0,0,1
Appendicitis,1,0,0,0,0,0,0,0,1,1,0,0,0,0,0,0,1,0,0,0,1
Appendicitis,1,0,1,0,0,0,0,0,0,1,0,0,0,0,0,0,1,0,0,0,1
Appendicitis,1,0,0,0,0,0,0,0,0,1,0,0,0,0,0,0,0,0,0,0,0
Appendicitis,1,0,1,0,0,0,0,0,0,1,0,0,0,0,0,0,1,1,0,0,1
Appendicitis,1,0,0,0,0,0,0,0,0,1,0,0,0,0,0,1,0,0,0,0,1
Appendicitis,0,0,0,0,0,0,0,0,1,1,1,0,0,0,1,0,1,0,0,0,1
Appendicitis,0,0,0,0,0,0,0,0,0,1,0,0,0,0,0,0,0,0,0,0,1
Appendicitis,1,0,0,0,0,0,0,0,0,1,0,0,0,0,0,0,1,0,0,0,1
Appendicitis,1,0,0,0,0,0,0,0,0,1,0,0,0,0,0,0,1,0,0,0,1
Appendicitis,1,0,0,0,0,0,0,0,0,0,0,0,1,0,0,0,0,0,0,0,1
Appendicitis,1,0,0,0,1,0,0,0,0,1,0,0,0,0,0,0,1,0,0,0,1
Kidney Stones,1,0,0,0,0,0,0,0,0,0,0,0,0,0,0,0,1,0,0,0,1
Kidney Stones,1,0,0,0,0,0,0,0,0,0,1,0,0,1,0,0,1,0,0,0,0
Kidney Stones,1,0,0,1,0,0,0,0,0,0,1,0,0,0,0,0,1,0,0,0,1
Kidney Stones,0,0,0,0,0,0,0,0,0,0,1,0,0,0,0,0,1,0,0,0,1
Kidney Stones,0,0,0,0,0,0,0,0,0,0,1,0,1,0,0,0,1,1,0,1,0
Kidney Stones,1,0,0,1,0,0,0,0,0,0,1,0,0,0,0,0,1,0,0,0,1
Kidney Stones,1,0,0,0,0,1,0,0,0,0,1,0,0,0,0,0,1,0,0,0,1
Kidney Stones,1,0,0,0,0,0,0,0,0,0,1,0,0,0,0,0,1,0,0,0,1
Kidney Stones,1,0,0,0,0,0,0,0,0,0,0,0,0,0,0,0,1,0,0,0,1
Kidney Stones,0,0,0,0,0,0,0,0,0,0,1,0,0,0,0,0,1,0,0,0,1
Kidney Stones,1,0,0,0,0,0,0,0,0,0,1,0,0,0,0,0,1,1,0,0,1
Kidney Stones,1,0,0,0,0,0,0,0,1,0,1,0,0,0,0,1,1,0,0,1,0
Kidney Stones,0,0,0,0,0,0,0,0,0,0,1,0,0,0,0,0,1,1,1,0,1
Kidney Stones,1,0,0,0,0,0,0,0,0,1,1,0,0,0,0,0,1,0,0,0,1
Kidney Stones,0,0,0,0,0,0,0,0,0,0,1,0,0,0,0,0,1,0,0,0,1
Kidney Stones,1,0,0,1,0,0,0,0,0,0,1,0,0,0,0,0,1,0,1,0,1
Kidney Stones,0,0,0,0,0,0,0,0,0,0,1,0,0,0,0,0,0,0,0,1,1
Kidney Stones,1,1,0,0,0,0,0,0,0,1,1,0,0,0,0,0,1,0,0,0,1
Kidney Stones,1,0,0,0,0,0,0,0,0,0,1,0,0,0,0,0,1,0,0,0,1
Kidney Stones,0,0,0,0,0,0,0,0,0,0,1,0,0,0,0,0,1,0,0,0,0
Kidney Stones,0,0,0,0,0,0,0,0,0,0,1,0,0,0,0,0,1,0,0,0,1
Kidney Stones,1,1,0,0,0,0,0,0,0,0,1,0,0,0,0,0,1,0,0,0,1
Kidney Stones,1,0,0,0,0,0,0,0,0,0,0,0,0,0,0,0,1,0,0,0,1
Kidney Stones,1,0,0,0,1,0,1,0,0,0,1,0,0,0,0,1,1,0,0,0,1
Kidney Stones,1,0,0,0,0,0,0,0,0,0,0,0,0,0,0,0,1,0,0,0,1
Kidney Stones,0,0,0,0,0,0,0,0,0,0,1,0,0,0,0,0,0,0,0,0,1
Kidney Stones,1,0,0,0,0,0,0,0,0,0,1,1,0,0,0,0,0,0,0,1,1
Kidney Stones,1,0,0,0,0,0,0,0,0,0,1,0,0,0,0,0,1,0,0,0,1
Kidney Stones,1,0,0,0,0,0,0,0,0,0,1,0,0,0,0,0,1,0,0,0,1
Kidney Stones,1,0,0,0,0,0,0,0,1,0,1,0,0,0,0,1,1,0,0,0,1
Kidney Stones,1,0,0,0,0,0,0,0,0,0,1,0,0,0,0,0,1,0,0,0,1
Kidney Stones,1,0,0,0,0,0,0,0,0,0,1,0,0,0,0,0,1,0,0,0,0
Kidney Stones,1,1,0,0,0,0,0,0,0,0,1,0,0,0,0,0,0,0,0,0,0
Kidney Stones,1,0,0,0,0,0,0,0,0,0,1,0,0,0,1,0,1,0,0,0,1
Kidney Stones,1,0,0,0,0,0,0,0,0,0,1,0,0,0,1,0,1,0,0,0,1
Kidney Stones,1,0,0,0,0,0,1,0,0,0,1,0,0,0,0,0,1,0,0,0,1
Kidney Stones,1,0,0,0,0,0,0,0,0,0,1,0,0,0,0,0,1,0,0,0,1
Kidney Stones,1,0,0,0,0,0,0,0,0,0,1,0,0,0,0,0,1,0,0,0,1
Kidney Stones,1,0,0,0,0,0,0,0,0,0,0,0,0,1,0,0,1,0,0,0,1
Kidney Stones,1,0,1,0,0,0,0,0,0,0,1,0,0,0,0,1,1,0,0,0,1
Urinary Tract Infection,0,0,0,0,0,0,0,0,0,1,0,0,1,0,0,0,0,0,0,0,0
Urinary Tract Infection,1,0,0,0,0,0,0,0,0,0,1,0,0,0,0,1,0,0,0,0,0
Urinary Tract Infection,1,0,0,0,1,0,1,0,0,1,0,0,0,0,0,0,0,1,0,0,1
Urinary Tract Infection,1,0,0,0,0,0,0,0,0,1,1,0,0,0,0,0,0,1,0,0,0
Urinary Tract Infection,1,0,1,0,0,0,0,0,0,1,1,0,0,0,0,0,0,0,0,0,0
Urinary Tract Infection,1,0,0,0,0,0,0,0,0,1,0,0,0,1,0,0,0,0,0,0,0
Urinary Tract Infection,1,0,0,0,0,0,0,0,0,1,1,1,0,0,0,0,0,0,0,0,0
Urinary Tract Infection,1,0,0,0,1,0,0,0,0,1,1,0,0,0,0,0,0,0,0,0,0
Urinary Tract Infection,1,0,0,0,0,0,0,0,0,1,0,0,0,0,0,0,0,0,0,0,0
Urinary Tract Infection,1,0,0,0,0,0,0,0,0,1,1,0,0,0,0,0,0,0,0,0,0
Urinary Tract Infection,1,0,0,0,0,0,0,0,0,1,1,0,0,0,0,0,0,0,0,0,0
Urinary Tract Infection,1,0,0,0,0,0,0,0,0,1,1,0,0,0,0,0,0,0,0,0,1
Urinary Tract Infection,0,0,0,0,0,0,0,0,0,1,0,0,1,0,0,0,0,0,0,0,0
Urinary Tract Infection,1,0,0,0,0,0,0,0,0,1,1,0,0,0,0,0,0,0,0,0,0
Urinary Tract Infection,1,0,0,0,0,0,0,0,0,1,0,0,0,0,1,0,0,0,0,0,0
Urinary Tract Infection,1,0,0,0,0,0,0,0,0,0,1,0,0,0,0,0,0,0,0,0,0
Urinary Tract Infection,1,0,0,0,0,0,0,0,0,1,0,0,0,0,0,0,0,0,0,0,0
Urinary Tract Infection,1,0,0,1,0,0,0,0,0,1,1,1,0,0,0,0,0,0,0,0,0
Urinary Tract Infection,1,1,0,0,1,0,0,0,0,1,1,0,0,0,0,0,0,0,0,0,0
Urinary Tract Infection,1,0,0,0,0,0,0,0,0,1,1,0,0,0,1,0,0,1,0,0,0
Urinary Tract Infection,1,0,0,0,0,1,0,0,0,0,1,0,0,0,0,0,0,1,0,0,0
Urinary Tract Infection,1,0,0,0,0,0,0,0,0,1,1,0,0,0,0,0,0,0,0,0,0
Urinary Tract Infection,1,0,0,0,0,0,0,0,0,0,1,1,0,0,0,0,0,0,0,0,0
Urinary Tract Infection,1,0,0,0,0,0,0,0,0,1,1,0,0,0,0,1,0,0,0,0,0
Urinary Tract Infection,0,0,0,0,0,0,0,0,0,0,1,0,0,0,0,0,0,0,0,0,0
Urinary Tract Infection,0,0,0,0,1,0,0,1,0,0,1,0,1,0,0,0,0,0,0,0,0
Urinary Tract Infection,1,1,0,0,0,0,0,0,1,1,1,0,0,0,0,0,0,0,0,0,0
Urinary Tract Infection,1,1,0,0,0,0,0,0,0,1,0,0,0,0,1,0,0,0,0,0,0
Urinary Tract Infection,0,0,0,0,0,0,0,0,0,1,0,0,0,0,1,0,0,0,0,0,0
Urinary Tract Infection,1,0,0,0,0,0,0,0,0,1,1,0,0,0,0,0,0,0,0,0,0
Urinary Tract Infection,1,0,0,0,0,0,0,0,0,1,0,0,0,0,0,0,0,0,0,0,0
Urinary Tract Infection,1,1,0,0,0,1,1,0,0,1,0,0,0,0,0,0,0,0,0,0,0
Urinary Tract Infection,0,0,0,0,0,1,0,0,0,1,0,0,0,0,0,0,0,0,0,1,0
Urinary Tract Infection,0,0,0,1,0,0,0,0,0,1,1,0,0,0,0,0,0,0,0,0,0
Urinary Tract Infection,0,0,0,0,0,0,0,0,0,0,1,0,0,0,0,0,1,0,0,0,1
Urinary Tract Infection,0,0,0,1,0,0,1,0,0,0,1,0,0,0,0,0,0,0,0,0,0
Urinary Tract Infection,1,0,0,0,0,0,1,0,0,1,1,0,0,0,0,0,0,0,0,0,1
Urinary Tract Infection,1,0,0,0,1,0,0,0,0,1,1,0,0,0,0,0,0,0,0,0,0
Urinary Tract Infection,1,0,0,0,0,0,0,0,1,0,1,0,0,0,0,0,0,0,0,0,0
Urinary Tract Infection,1,0,0,0,0,0,0,0,0,1,1,0,0,0,0,0,0,0,0,0,0
Anemia,0,0,0,1,0,0,0,1,1,0,0,1,0,0,0,0,0,0,0,0,0
Anemia,0,0,1,1,0,0,0,1,1,0,0,1,0,0,0,0,0,0,0,0,0
Anemia,0,0,0,1,0,0,0,1,1,0,0,0,0,0,0,0,1,0,0,0,0
Anemia,0,0,0,1,0,0,0,0,1,1,0,1,0,0,0,0,0,0,0,0,0
Anemia,0,0,0,1,0,0,0,1,1,0,0,0,0,0,0,0,0,0,0,0,0
Anemia,0,0,0,1,0,0,0,1,1,0,0,1,0,0,0,0,0,1,0,0,0
Anemia,0,0,0,1,0,0,0,0,1,0,0,1,0,0,0,0,0,0,0,0,0
Anemia,0,0,0,1,0,0,1,1,1,0,0,1,0,0,0,0,0,0,0,0,0
Anemia,0,0,1,1,0,0,0,1,1,0,0,0,0,0,0,0,0,0,0,0,0
Anemia,0,0,0,0,0,0,0,1,1,0,0,1,0,0,0,1,0,0,0,0,0
Anemia,0,0,0,0,0,0,0,1,1,0,0,1,0,0,0,0,1,0,0,0,0
Anemia,0,0,0,1,0,0,0,1,1,0,0,1,0,0,0,0,0,0,0,0,0
Anemia,0,0,1,1,0,0,0,1,1,0,0,1,0,0,0,0,0,0,1,0,0
Anemia,0,1,0,1,0,0,0,1,1,0,0,1,0,0,0,0,0,0,0,0,0
Anemia,0,0,0,1,0,0,0,1,1,1,0,1,0,0,0,0,0,0,0,0,0
Anemia,0,0,0,1,0,0,0,1,1,0,0,1,0,0,0,0,0,0,0,0,0
Anemia,0,0,0,1,0,0,0,1,1,0,0,1,0,0,0,0,0,0,0,0,0
Anemia,0,0,0,1,0,0,0,1,1,0,0,0,1,0,0,0,0,0,0,0,0
Anemia,1,0,0,1,0,1,0,1,1,0,0,1,0,0,0,0,0,0,0,0,0
Anemia,0,1,0,1,0,0,0,1,1,0,0,1,0,0,0,0,0,0,0,0,0
Anemia,0,0,0,1,0,0,0,0,1,0,0,1,1,0,0,0,0,0,0,0,0
Anemia,0,0,0,1,1,0,0,1,1,0,0,1,1,0,0,0,0,0,0,0,0
Anemia,0,0,0,1,0,0,0,1,1,0,0,1,0,0,0,0,0,0,0,0,0
Anemia,0,0,0,1,0,0,0,1,1,0,0,1,0,0,0,0,0,0,0,0,0
Anemia,0,0,0,1,0,0,0,1,1,0,0,1,1,0,0,0,0,0,0,0,0
Anemia,0,0,0,1,0,0,0,1,1,0,0,1,0,0,0,0,0,0,0,0,0
Anemia,0,0,0,1,0,0,0,1,1,0,0,1,0,0,0,0,0,0,0,0,0
Anemia,0,0,0,1,0,0,0,1,1,0,0,0,0,0,0,0,0,0,0,0,0
Anemia,0,0,0,1,0,0,0,0,1,1,0,1,0,0,0,0,0,0,0,0,0
Anemia,0,0,0,1,0,0,0,1,1,0,0,1,0,0,0,0,0,0,0,0,0
Anemia,0,0,1,1,0,0,0,1,1,1,0,1,0,0,0,0,0,0,0,0,0
Anemia,0,0,0,1,0,0,0,1,1,0,0,1,0,0,0,0,0,0,1,0,0
Anemia,0,0,0,1,0,0,0,1,1,0,0,0,0,0,1,0,0,0,0,0,0
Anemia,0,0,0,1,0,0,0,1,1,0,0,1,0,0,0,0,0,0,0,0,0
Anemia,0,0,0,0,0,1,0,1,1,0,0,1,0,0,0,0,0,0,0,0,0
Anemia,0,0,0,1,0,0,0,0,0,0,0,0,0,0,0,0,1,0,0,0,0
Anemia,0,0,0,1,0,0,0,1,0,0,0,0,0,0,0,0,0,0,0,0,0
Anemia,0,0,0,1,0,0,0,1,1,0,0,1,0,1,0,0,0,0,0,0,0
Anemia,0,0,0,1,0,0,0,1,1,0,0,1,0,0,0,0,1,0,0,0,0
Anemia,0,1,0,1,0,0,0,1,1,0,0,1,0,0,0,0,1,0,0,0,0
Hyperthyroidism,0,0,0,0,0,0,0,0,1,0,0,0,0,0,0,0,0,0,0,0,0
Hyperthyroidism,0,0,1,0,0,0,0,1,1,0,1,0,0,0,0,0,0,0,0,1,0
Hyperthyroidism,0,0,0,0,0,0,0,1,1,0,1,0,0,0,0,0,0,0,0,1,0
Hyperthyroidism,0,0,0,0,1,0,0,1,1,0,1,0,0,0,0,0,0,0,0,1,0
Hyperthyroidism,0,0,0,0,0,0,0,1,1,0,1,0,0,0,0,0,0,0,0,1,1
Hyperthyroidism,0,0,0,0,0,0,0,1,1,0,1,0,0,0,0,1,0,0,0,1,0
Hyperthyroidism,0,0,0,0,0,0,0,1,1,0,1,0,0,0,0,0,0,0,0,1,0
Hyperthyroidism,0,0,0,0,0,0,0,1,1,0,0,0,0,0,1,0,0,0,0,1,0
Hyperthyroidism,0,0,0,0,0,0,0,1,1,0,1,0,0,0,0,0,0,0,0,1,0
Hyperthyroidism,0,1,0,0,0,0,0,0,1,0,1,0,0,0,0,0,0,0,0,1,0
Hyperthyroidism,0,0,0,0,0,0,0,1,1,0,0,0,0,0,0,0,0,0,0,1,0
Hyperthyroidism,0,0,0,0,0,0,0,1,1,0,1,0,0,0,0,0,0,0,0,0,0
Hyperthyroidism,0,0,0,0,0,0,0,0,1,0,0,0,0,0,0,0,0,0,0,1,0
Hyperthyroidism,0,0,0,0,0,0,0,1,1,0,0,0,0,0,1,0,0,0,0,1,0
Hyperthyroidism,0,0,0,0,0,0,0,1,1,0,1,0,0,0,1,0,0,0,0,1,0
Hyperthyroidism,0,0,0,0,0,0,0,1,0,0,0,0,0,0,0,0,0,0,0,0,0
Hyperthyroidism,0,0,0,0,0,0,0,1,1,0,1,0,0,0,0,0,0,0,0,0,0
Hyperthyroidism,0,0,1,0,1,0,0,1,1,0,1,0,0,0,0,0,0,0,0,1,0
Hyperthyroidism,0,0,0,0,0,0,0,1,1,0,1,0,0,0,0,0,0,0,1,0,0
Hyperthyroidism,0,0,0,0,0,0,0,1,1,0,1,0,0,0,0,0,0,0,0,0,0
Hyperthyroidism,0,0,0,0,0,0,0,1,1,0,0,0,0,0,1,0,0,0,0,1,0
Hyperthyroidism,0,0,0,0,0,0,0,1,1,0,1,1,0,0,0,0,0,0,0,0,0
Hyperthyroidism,0,0,0,0,0,0,0,0,1,0,1,0,0,0,0,0,0,0,1,1,0
Hyperthyroidism,0,0,0,0,0,0,0,1,1,0,1,0,0,0,0,0,0,0,0,1,0
Hyperthyroidism,0,0,0,0,0,0,0,1,1,0,1,0,0,0,0,0,1,0,0,1,0
Hyperthyroidism,0,0,0,0,0,0,0,1,1,0,1,0,0,0,0,0,0,0,1,1,0
Hyperthyroidism,0,0,0,0,0,0,0,1,1,0,1,0,0,0,0,0,0,0,0,1,0
Hyperthyroidism,0,0,0,0,0,0,0,1,1,0,1,0,0,0,0,0,0,0,0,0,0
Hyperthyroidism,0,0,0,0,0,0,0,1,1,0,0,0,0,0,0,0,0,0,0,1,0
Hyperthyroidism,1,0,0,0,0,0,0,0,1,0,1,0,0,0,0,0,0,0,0,1,0
Hyperthyroidism,0,0,0,0,0,0,0,1,1,0,1,0,0,0,0,0,0,0,0,1,0
Hyperthyroidism,0,0,0,0,0,0,0,1,1,0,1,0,0,0,0,0,0,0,0,1,0
Hyperthyroidism,0,0,0,0,0,0,0,1,1,1,1,0,0,1,0,1,0,0,0,0,0
Hyperthyroidism,0,0,0,0,0,0,0,1,1,0,1,0,0,0,0,0,0,0,0,1,0
Hyperthyroidism,0,0,0,0,0,0,0,1,1,0,1,0,0,0,0,0,0,1,0,1,0
Hyperthyroidism,0,0,0,0,0,0,0,1,1,0,1,0,0,0,0,0,0,0,0,0,0
Hyperthyroidism,0,0,1,0,0,0,0,1,1,0,0,0,0,0,0,0,0,0,0,1,0
Hyperthyroidism,0,1,0,0,0,0,0,1,1,0,1,0,0,0,0,0,0,0,0,0,0
Hyperthyroidism,0,0,0,0,1,0,0,1,1,1,1,0,0,0,0,0,0,0,0,1,0
Hyperthyroidism,0,0,0,0,0,0,0,1,1,0,1,0,0,0,0,0,0,0,0,1,0
Hypothyroidism,0,0,1,0,0,0,0,0,1,0,0,0,0,1,0,0,0,0,0,0,0
Hypothyroidism,0,0,0,0,0,0,0,0,1,0,0,0,0,0,0,0,0,0,0,0,0
Hypothyroidism,0,0,1,1,0,0,0,0,1,0,0,0,0,1,0,0,0,0,0,0,0
Hypothyroidism,0,0,1,0,0,0,0,0,1,0,0,0,0,1,0,0,0,0,0,0,0
Hypothyroidism,1,0,0,0,0,0,0,0,1,0,0,0,0,1,0,0,0,0,0,0,0
Hypothyroidism,0,0,1,1,0,0,0,0,1,0,0,0,0,1,0,0,0,0,0,0,0
Hypothyroidism,0,1,1,0,0,1,0,0,1,0,0,0,0,1,0,0,0,0,0,0,0
Hypothyroidism,0,0,1,0,0,0,0,0,1,0,0,0,0,1,0,0,0,0,0,0,0
Hypothyroidism,0,0,1,0,0,0,0,0,1,0,0,0,0,1,0,0,0,0,0,0,0
Hypothyroidism,0,0,0,0,0,0,1,0,1,0,0,0,0,1,1,0,0,0,0,0,0
Hypothyroidism,0,0,1,0,0,0,0,0,1,0,0,0,0,1,0,0,0,0,0,0,0
Hypothyroidism,0,0,1,0,0,0,0,0,1,0,0,0,1,1,0,0,1,0,0,0,0
Hypothyroidism,0,0,1,0,0,0,0,0,0,0,0,0,0,0,0,0,0,0,0,0,0
Hypothyroidism,0,0,1,0,0,0,0,0,0,0,0,0,0,1,0,0,0,0,0,1,0
Hypothyroidism,1,0,1,0,0,0,0,0,0,0,0,0,0,1,0,0,0,0,0,0,0
Hypothyroidism,0,0,1,0,0,0,1,0,0,0,0,0,0,1,0,0,0,0,0,0,0
Hypothyroidism,0,0,1,0,0,0,0,0,0,0,0,0,0,1,0,0,0,0,0,0,0
Hypothyroidism,0,0,0,0,0,0,0,0,0,0,0,0,0,1,0,0,0,0,0,0,0
Hypothyroidism,0,0,1,0,0,0,0,0,1,0,0,0,0,1,1,0,0,0,0,0,0
Hypothyroidism,0,0,1,0,0,0,0,0,1,0,0,0,0,1,0,0,0,0,0,0,0
Hypothyroidism,0,0,1,1,0,0,0,0,1,0,0,0,0,1,0,0,0,0,0,0,0
Hypothyroidism,0,0,1,0,0,0,0,0,0,0,0,0,0,0,0,0,0,0,0,0,0
Hypothyroidism,0,0,1,0,0,0,0,0,1,0,1,0,1,1,0,0,0,0,0,0,0
Hypothyroidism,0,0,1,0,0,0,0,0,1,0,0,0,0,1,0,0,0,0,0,0,0
Hypothyroidism,0,0,1,0,0,0,0,1,1,0,0,0,1,1,0,0,0,0,0,0,1
Hypothyroidism,0,0,1,0,1,0,0,0,1,0,1,0,0,0,0,0,0,0,0,0,0
Hypothyroidism,0,0,1,0,0,0,0,0,1,0,0,0,0,1,0,0,0,1,0,0,0
Hypothyroidism,0,0,1,1,0,0,0,0,1,0,0,0,0,1,0,0,0,1,0,0,0
Hypothyroidism,0,0,1,0,0,0,1,0,0,0,0,0,0,0,0,0,0,0,0,0,0
Hypothyroidism,0,0,1,0,0,0,0,0,1,0,0,0,0,1,0,0,0,0,0,0,0
Hypothyroidism,0,0,1,0,0,0,0,0,1,0,0,0,0,1,0,0,0,0,0,0,0
Hypothyroidism,0,0,0,0,1,0,0,0,1,0,0,0,0,1,0,1,0,0,1,0,0
Hypothyroidism,0,0,1,0,0,1,0,1,1,0,0,0,0,1,0,0,0,1,0,0,0
Hypothyroidism,0,0,0,0,0,0,0,0,1,0,0,0,0,0,0,0,0,0,0,0,0
Hypothyroidism,0,0,1,0,0,0,0,0,1,0,0,0,0,1,0,0,0,0,1,0,0
Hypothyroidism,0,0,1,0,0,0,0,0,1,0,0,0,0,1,1,0,0,0,0,0,0
Hypothyroidism,1,0,0,0,0,0,0,0,1,0,0,0,0,0,0,0,0,0,0,0,0
Hypothyroidism,0,0,1,0,0,0,0,0,0,0,0,0,1,1,0,0,0,0,0,0,0
Hypothyroidism,0,0,0,0,0,0,0,0,0,0,0,0,0,1,0,0,0,0,0,0,0
Hypothyroidism,0,0,1,0,0,0,0,0,1,0,0,0,0,1,0,0,1,0,0,0,0
Arthritis,0,0,0,0,0,0,0,0,1,0,0,0,0,0,0,0,0,0,0,0,0
Arthritis,0,0,0,0,0,0,0,0,1,0,0,1,0,0,0,0,0,0,0,1,0
Arthritis,0,0,0,1,0,0,0,0,1,0,0,0,0,1,0,0,0,0,0,0,0
Arthritis,0,0,0,0,0,0,0,0,1,0,0,1,0,1,0,0,0,0,0,0,0
Arthritis,0,0,0,0,0,0,0,1,1,0,0,0,0,1,0,0,0,0,0,0,0
Arthritis,0,0,0,0,0,0,0,0,1,0,0,0,0,1,0,0,0,0,0,0,0
Arthritis,0,0,0,0,0,0,0,0,0,0,0,0,0,1,0,0,0,0,0,0,0
Arthritis,0,0,0,0,0,0,0,1,1,0,0,0,0,1,1,0,0,0,0,0,0
Arthritis,0,0,0,0,0,0,0,0,0,0,0,0,0,1,0,0,0,0,0,0,0
Arthritis,0,0,0,0,0,0,0,0,1,0,1,0,0,1,0,0,0,0,0,0,0
Arthritis,0,0,0,0,0,0,0,0,0,0,0,0,0,1,0,0,0,0,0,0,0
Arthritis,0,0,0,0,0,0,0,0,1,0,0,0,0,1,0,0,0,0,0,0,0
Arthritis,0,0,0,0,0,0,0,0,1,0,1,0,0,1,0,1,0,0,0,0,0
Arthritis,0,0,0,0,0,0,0,0,0,0,0,1,0,1,0,0,0,0,0,0,0
Arthritis,0,0,0,0,0,0,0,0,1,0,0,0,0,1,0,0,0,0,0,0,0
Arthritis,0,0,0,0,0,0,0,0,1,0,0,0,0,1,0,1,0,0,0,0,0
Arthritis,0,0,0,0,0,0,0,0,1,0,0,0,0,1,0,0,0,0,1,0,0
Arthritis,0,0,0,0,0,0,0,0,1,1,0,0,0,1,0,0,0,0,0,0,0
Arthritis,0,0,0,0,0,0,0,0,1,0,0,0,0,0,0,0,0,0,0,0,0
Arthritis,0,0,0,0,0,0,0,0,1,0,0,0,0,1,0,0,0,0,0,0,0
Arthritis,0,0,0,0,0,0,0,0,1,0,0,0,0,1,0,1,0,0,0,0,0
Arthritis,0,1,0,0,0,0,0,0,1,0,0,0,0,1,0,0,0,0,0,1,0
Arthritis,0,0,0,0,0,0,0,0,1,1,0,0,0,1,0,0,0,0,0,0,0
Arthritis,0,0,0,0,0,0,0,1,1,0,0,0,0,1,0,0,0,1,0,0,0
Arthritis,0,0,0,0,0,0,0,0,1,0,0,0,0,1,0,0,0,0,0,0,0
Arthritis,0,0,0,0,0,0,0,0,0,0,0,0,0,1,0,0,1,0,0,0,0
Arthritis,0,0,0,1,0,0,0,0,1,0,0,0,1,0,0,0,0,0,0,0,0
Arthritis,0,0,0,0,0,0,0,0,1,0,0,0,0,1,0,0,0,0,0,0,0
Arthritis,0,0,0,1,0,0,0,0,1,0,0,0,0,1,0,0,0,0,0,0,0
Arthritis,0,0,0,0,0,0,0,0,1,0,0,0,0,1,0,0,0,0,0,0,0
Arthritis,1,0,0,0,0,0,0,0,1,0,0,0,0,1,0,0,0,0,0,0,0
Arthritis,0,0,0,0,0,0,0,0,1,0,0,0,0,1,0,0,0,0,0,0,0
Arthritis,0,0,0,0,0,0,0,0,0,0,0,0,0,1,0,0,0,0,0,0,0
Arthritis,0,0,0,1,0,0,1,0,1,1,0,0,0,1,0,0,1,0,1,0,0
Arthritis,1,0,0,0,0,0,0,0,1,0,0,0,0,1,0,0,0,0,0,0,0
Arthritis,0,0,0,0,0,0,0,0,1,0,0,0,0,1,0,0,0,0,0,0,0
Arthritis,0,0,0,0,0,0,0,0,1,0,0,0,0,1,0,0,0,0,0,0,0
Arthritis,0,0,0,0,0,0,0,0,0,0,0,0,0,0,0,1,0,0,1,0,0
Arthritis,0,0,0,0,0,0,0,0,0,0,0,0,0,1,0,0,0,0,0,0,0
Arthritis,0,0,0,0,0,1,1,0,1,0,1,0,0,1,0,0,0,0,0,0,0
Anxiety Disorder,0,0,0,1,0,0,0,1,0,0,0,0,0,0,0,0,1,0,0,1,0
Anxiety Disorder,0,0,0,1,0,0,0,1,1,0,0,0,1,0,0,0,1,0,0,1,0
Anxiety Disorder,0,0,0,1,1,0,0,1,1,0,0,0,0,0,0,0,1,1,0,1,1
Anxiety Disorder,0,0,0,1,1,0,0,1,1,0,0,1,0,0,0,0,1,0,0,1,0
Anxiety Disorder,0,0,0,1,1,0,0,1,1,0,0,0,0,0,0,0,1,0,0,0,1
Anxiety Disorder,1,0,0,1,1,0,0,1,1,0,0,0,0,0,0,0,0,0,0,1,0
Anxiety Disorder,0,0,0,1,1,0,0,1,0,0,0,0,0,0,0,0,1,0,0,0,1
Anxiety Disorder,0,0,0,1,1,0,0,1,1,0,0,0,0,0,0,0,1,0,0,1,0
Anxiety Disorder,0,0,0,1,1,0,0,1,1,0,0,0,0,0,0,0,1,0,0,1,0
Anxiety Disorder,0,0,0,1,1,0,1,1,1,0,0,0,1,0,0,0,1,0,0,0,0
Anxiety Disorder,0,0,1,1,1,0,0,1,0,0,0,0,0,0,0,0,1,0,0,1,0
Anxiety Disorder,0,0,0,1,0,0,0,1,0,0,0,0,0,0,0,0,1,0,0,1,0
Anxiety Disorder,0,0,0,1,1,0,0,1,1,0,0,0,0,0,0,0,1,0,0,1,0
Anxiety Disorder,0,0,0,1,0,0,1,1,0,0,0,0,0,0,1,0,1,0,0,0,0
Anxiety Disorder,0,0,0,1,1,0,0,1,1,0,0,0,0,0,0,0,1,0,0,1,0
Anxiety Disorder,0,1,0,1,1,0,0,1,1,0,0,0,0,0,0,0,0,0,0,0,0
Anxiety Disorder,0,0,0,1,1,0,0,1,1,0,0,0,0,0,0,0,1,0,0,0,0
Anxiety Disorder,0,0,0,0,1,0,0,1,0,0,0,0,0,0,0,1,1,0,0,1,0
Anxiety Disorder,0,0,0,1,1,0,0,1,1,0,0,0,0,0,0,0,1,0,0,1,0
Anxiety Disorder,0,0,0,1,1,0,0,1,1,0,0,0,0,0,0,0,1,0,0,1,0
Anxiety Disorder,0,0,0,1,1,0,0,1,0,0,0,0,0,0,0,1,1,0,0,1,1
Anxiety Disorder,0,0,0,1,1,0,0,1,1,0,0,0,0,0,0,0,1,0,0,1,0
Anxiety Disorder,0,0,0,1,1,0,0,1,1,0,0,0,0,0,0,0,1,0,0,0,0
Anxiety Disorder,0,0,0,1,0,0,0,1,1,0,0,0,0,0,1,0,1,0,0,1,0
Anxiety Disorder,0,0,0,1,1,0,0,0,1,0,0,0,0,0,0,0,1,0,0,1,0
Anxiety Disorder,0,0,0,1,1,0,0,1,1,0,0,0,0,0,0,1,1,0,0,1,0
Anxiety Disorder,0,0,0,1,1,0,0,1,1,0,0,0,0,0,0,1,1,0,0,1,0
Anxiety Disorder,0,0,0,1,1,0,0,1,1,0,0,0,0,0,0,0,1,0,0,1,0
Anxiety Disorder,0,1,0,1,1,0,0,1,0,1,0,0,0,0,0,0,1,0,0,1,0
Anxiety Disorder,0,0,0,1,1,0,0,1,1,0,0,0,0,0,0,0,1,0,0,1,0
Anxiety Disorder,0,0,1,1,0,0,0,1,1,0,0,0,0,0,0,0,1,0,0,1,0
Anxiety Disorder,0,1,0,1,1,0,0,0,1,0,0,0,0,0,0,0,1,0,0,1,0
Anxiety Disorder,0,0,0,1,1,0,0,1,1,0,0,0,0,1,0,0,1,0,0,1,0
Anxiety Disorder,0,0,0,0,1,0,0,1,1,0,0,0,0,1,0,0,1,0,1,0,0
Anxiety Disorder,0,0,0,1,1,0,1,1,1,0,0,0,0,0,0,0,1,0,0,1,0
Anxiety Disorder,0,1,0,1,1,0,0,1,1,0,0,0,0,0,0,0,0,0,0,1,0
Anxiety Disorder,0,0,0,1,1,0,0,1,0,0,0,0,1,0,0,0,1,0,0,0,0
Anxiety Disorder,0,0,0,1,1,0,0,0,1,0,0,0,0,0,0,0,1,0,0,0,0
Anxiety Disorder,0,0,0,1,1,0,1,1,0,0,0,0,0,0,0,0,1,0,0,1,0
Anxiety Disorder,0,0,0,1,1,0,0,1,1,0,0,0,0,0,0,0,1,0,1,1,0
Depression,0,0,0,0,0,0,0,0,1,0,0,0,0,0,1,0,0,0,0,0,0
Depression,0,0,1,0,0,0,0,0,1,0,0,1,0,0,0,0,0,0,0,0,0
Depression,0,0,1,0,0,0,0,1,0,1,0,1,1,0,0,0,0,0,0,0,0
Depression,0,0,1,0,0,0,0,0,1,0,0,1,0,0,0,0,0,0,0,0,0
Depression,0,0,1,0,0,0,0,0,1,0,0,0,0,1,0,0,0,0,0,0,0
Depression,0,0,0,0,0,0,0,0,1,0,0,0,0,0,0,0,0,0,0,0,0
Depression,0,0,1,0,0,0,0,0,1,0,0,1,0,0,0,0,0,0,0,0,0
Depression,0,0,1,0,0,0,0,0,1,0,0,0,0,0,0,0,0,0,0,0,0
Depression,0,0,1,0,0,0,0,0,1,0,0,0,0,0,0,0,0,0,0,0,0
Depression,0,0,0,0,0,0,0,0,1,0,0,1,0,0,0,0,0,0,0,0,0
Depression,0,0,1,0,0,0,0,0,1,0,0,1,0,0,0,0,0,0,0,0,0
Depression,0,0,1,0,0,0,0,0,1,0,0,1,0,0,0,0,0,0,0,0,1
Depression,0,0,1,0,0,0,0,0,1,0,0,1,0,0,0,0,0,0,0,0,0
Depression,0,0,1,0,0,0,0,0,1,0,0,1,0,0,0,0,0,0,1,0,0
Depression,0,0,1,1,0,0,0,0,1,0,1,1,0,0,0,0,0,0,0,0,0
Depression,0,0,1,0,0,0,0,0,1,0,1,1,0,0,0,0,0,0,1,0,0
Depression,0,0,1,0,0,0,0,0,0,0,0,1,0,0,0,0,0,0,0,0,0
Depression,0,0,1,0,0,0,0,0,1,0,0,1,0,0,0,0,0,0,0,1,0
Depression,0,0,0,0,0,0,0,0,1,0,0,1,0,0,0,1,0,0,0,0,0
Depression,0,0,1,0,0,0,0,0,0,0,0,1,0,0,0,0,0,0,0,0,0
Depression,0,0,0,0,0,0,0,0,0,0,1,1,0,0,0,0,0,0,0,0,0
Depression,0,0,1,0,0,0,0,0,1,0,0,1,0,1,0,0,0,0,0,0,0
Depression,0,0,1,0,0,0,0,0,1,0,0,1,0,0,0,0,0,0,0,1,0
Depression,0,0,1,0,0,0,0,0,0,0,0,1,0,0,0,0,0,0,0,0,0
Depression,0,0,1,0,0,0,0,1,1,0,0,1,0,0,0,0,0,0,0,0,0
Depression,0,0,1,0,1,0,0,0,1,0,0,1,0,0,0,0,0,0,0,0,0
Depression,0,0,1,0,0,0,0,0,1,0,0,1,0,0,0,1,0,0,0,0,0
Depression,0,0,1,0,0,1,0,0,1,0,0,1,0,0,0,0,0,0,0,0,0
Depression,0,0,0,0,0,0,0,0,1,0,0,1,1,1,0,0,0,1,0,0,0
Depression,0,0,1,0,0,0,0,0,0,0,0,1,0,0,0,0,0,0,0,0,0
Depression,0,0,1,0,0,0,0,1,1,0,1,1,0,0,0,0,0,0,0,0,0
Depression,0,0,0,0,0,0,0,0,1,0,1,1,0,0,0,0,0,0,0,0,0
Depression,0,0,0,0,0,0,0,0,0,0,0,1,0,0,0,0,0,0,0,0,0
Depression,0,0,1,0,0,0,0,0,1,0,0,1,0,0,0,0,0,0,0,0,0
Depression,0,0,1,0,0,0,0,0,1,0,0,0,0,0,0,0,0,0,0,0,0
Depression,0,0,1,0,0,0,0,0,0,0,0,1,0,0,0,0,0,0,0,0,0
Depression,0,0,1,0,0,0,0,1,1,0,0,1,0,0,0,0,0,0,0,0,0
Depression,0,0,1,0,0,0,0,0,1,0,0,1,0,0,0,0,0,0,0,0,0
Depression,0,0,1,0,0,0,0,0,1,0,0,1,0,0,0,0,0,0,0,0,0
Depression,0,0,0,0,0,0,0,0,1,0,0,0,0,0,0,0,0,0,0,0,0
Food Poisoning,1,0,0,1,0,0,0,0,1,1,0,0,0,0,0,0,1,0,0,0,1
Food Poisoning,1,0,0,0,0,0,0,0,1,1,0,0,0,0,0,0,0,0,0,0,1
Food Poisoning,0,0,0,0,0,0,0,0,0,1,0,0,0,0,0,0,1,0,0,1,1
Food Poisoning,1,0,0,0,0,0,0,0,1,1,0,0,0,0,0,1,1,0,0,0,1
Food Poisoning,1,0,0,0,0,0,0,0,1,1,0,0,0,0,1,0,1,0,0,0,1
Food Poisoning,1,0,0,0,0,1,0,0,1,0,0,0,0,0,0,0,1,0,0,0,1
Food Poisoning,1,0,0,0,0,0,0,0,1,1,0,0,0,0,0,0,1,0,0,0,1
Food Poisoning,1,0,0,0,0,0,0,0,1,1,0,0,0,0,0,0,0,0,0,0,0
Food Poisoning,0,0,0,0,0,0,0,0,1,1,0,0,0,0,0,0,1,0,0,1,1
Food Poisoning,0,0,0,0,0,0,0,0,1,1,0,0,0,0,0,0,1,0,0,0,0
Food Poisoning,1,0,0,0,0,0,0,0,1,1,0,0,0,0,0,0,0,0,0,0,1
Food Poisoning,1,0,1,0,0,0,0,0,1,1,0,0,0,0,0,0,1,1,0,0,1
Food Poisoning,1,0,0,0,0,0,0,0,1,1,0,0,0,0,0,0,1,0,0,0,0
Food Poisoning,0,0,0,0,0,0,0,0,1,1,0,1,0,0,0,0,1,0,0,0,1
Food Poisoning,1,0,0,0,0,1,0,0,1,0,0,0,0,0,0,0,1,0,0,0,1
Food Poisoning,1,0,0,0,0,0,0,0,1,0,0,0,0,0,0,0,1,0,0,0,0
Food Poisoning,1,0,0,0,0,0,1,0,1,1,0,0,0,0,0,0,1,0,0,0,0
Food Poisoning,1,0,0,0,0,1,0,0,0,1,0,0,0,0,0,0,1,0,0,0,1
Food Poisoning,1,0,0,0,0,0,0,0,1,1,0,0,0,0,0,0,1,0,0,0,1
Food Poisoning,1,0,0,0,0,0,0,0,0,1,0,0,0,0,0,0,1,0,0,0,1
Food Poisoning,1,0,0,0,0,0,0,0,0,1,0,0,0,0,0,1,1,0,0,0,1
Food Poisoning,1,0,0,0,0,0,0,0,1,1,0,0,0,0,0,0,1,0,0,0,0
Food Poisoning,0,0,0,0,0,0,1,0,1,1,0,1,0,0,0,0,1,0,0,0,0
Food Poisoning,1,0,0,0,0,0,0,0,0,1,0,0,0,0,0,0,1,0,0,0,1
Food Poisoning,1,0,0,0,0,0,0,0,1,1,0,0,0,0,0,0,1,1,0,0,1
Food Poisoning,1,0,0,1,0,0,0,0,1,1,0,0,0,0,0,0,1,0,0,0,1
Food Poisoning,0,0,0,0,0,0,0,0,1,0,0,1,0,0,0,0,1,0,0,0,1
Food Poisoning,1,0,0,0,0,0,0,0,1,1,0,1,0,0,0,0,1,0,0,0,1
Food Poisoning,1,0,0,0,0,0,0,0,1,1,0,0,0,0,0,0,1,0,0,0,0
Food Poisoning,1,1,0,0,0,0,0,0,1,1,0,0,0,0,0,0,1,0,0,0,1
Food Poisoning,1,0,0,0,0,0,0,0,0,1,0,0,0,0,0,0,1,0,0,0,1
Food Poisoning,0,0,0,0,0,1,0,0,1,1,0,1,0,0,0,0,1,0,0,0,1
Food Poisoning,1,0,0,0,0,0,0,0,1,1,0,0,0,0,0,0,1,0,0,0,1
Food Poisoning,1,0,0,0,0,0,0,0,1,1,0,0,1,0,1,0,0,0,0,0,1
Food Poisoning,1,0,0,0,0,0,0,0,1,1,0,0,0,0,0,0,1,0,0,0,1
Food Poisoning,1,0,0,0,0,1,0,0,1,1,0,0,0,0,0,0,1,0,0,1,0
Food Poisoning,1,0,1,0,0,0,0,0,1,1,0,0,0,0,0,0,0,0,1,0,1
Food Poisoning,1,0,0,0,0,0,0,0,1,1,0,0,0,0,0,0,1,0,0,0,1
Food Poisoning,1,1,0,0,0,0,0,1,1,0,0,0,0,0,0,0,1,0,0,0,1
Food Poisoning,1,0,0,0,0,0,0,0,1,1,0,0,0,0,0,0,1,0,0,0,1
Allergy,0,0,0,0,0,0,1,1,1,0,0,1,0,0,0,0,0,1,1,0,0
Allergy,0,0,0,1,0,0,1,0,1,0,0,0,0,0,0,0,0,0,1,0,0
Allergy,0,0,0,1,0,0,1,0,1,0,0,0,0,0,0,0,0,1,0,1,0
Allergy,0,0,0,1,0,0,0,0,1,0,0,0,0,0,0,0,0,0,1,0,0
Allergy,0,0,0,1,0,0,1,0,1,0,0,0,0,0,0,1,0,1,1,0,0
Allergy,0,0,0,1,0,0,1,0,1,0,0,0,0,0,0,0,0,1,1,0,1
Allergy,0,0,0,1,0,0,0,0,1,0,0,0,0,0,0,0,0,1,1,0,1
Allergy,0,0,0,1,0,0,1,0,1,0,0,0,0,0,0,0,0,0,0,0,0
Allergy,0,0,0,1,0,0,1,0,1,0,0,0,0,0,0,1,0,1,1,0,0
Allergy,0,0,0,1,1,0,1,0,1,0,0,0,0,0,0,0,0,1,1,1,0
Allergy,0,0,0,1,0,0,1,0,1,0,1,0,0,0,0,0,0,1,1,0,0
Allergy,0,0,0,1,0,0,1,0,1,0,0,0,0,0,0,0,0,1,1,0,0
Allergy,0,0,0,0,0,0,1,0,1,1,1,0,0,0,0,0,0,1,1,0,0
Allergy,0,0,0,1,0,0,1,0,0,0,0,0,0,0,0,0,0,1,1,0,0
Allergy,0,0,0,1,0,0,1,0,1,0,0,0,0,0,0,0,0,1,1,0,0
Allergy,0,0,0,1,0,0,1,1,0,0,0,0,0,0,0,1,0,1,1,0,0
Allergy,0,1,0,1,0,0,0,0,1,0,0,0,0,0,0,0,0,1,1,0,0
Allergy,0,0,0,1,0,0,0,0,1,0,0,0,1,0,0,0,0,1,1,0,0
Allergy,1,0,0,1,0,0,0,0,1,0,0,0,0,0,0,0,0,1,0,0,0
Allergy,0,0,0,1,0,0,1,0,1,0,0,0,1,0,0,1,0,1,1,0,0
Allergy,0,0,0,0,0,0,1,0,1,0,0,0,0,0,0,0,0,0,1,0,0
Allergy,0,0,0,0,0,0,1,0,1,0,0,0,0,0,0,0,0,1,0,0,0
Allergy,0,0,0,1,0,0,1,0,1,0,0,0,0,0,0,0,0,1,1,0,0
Allergy,0,0,0,1,0,0,1,0,1,0,0,0,0,0,0,0,1,1,1,0,0
Allergy,0,0,0,1,0,0,1,0,1,0,0,0,1,0,0,0,0,1,1,0,0
Allergy,0,0,0,1,0,0,1,1,1,0,0,0,0,0,0,0,0,1,1,0,1
Allergy,0,0,0,1,0,0,1,0,0,1,0,0,0,0,0,0,0,1,1,0,0
Allergy,0,0,0,1,0,0,0,0,0,0,0,0,0,0,0,0,0,1,1,0,0
Allergy,0,0,0,1,0,0,0,0,1,0,0,0,0,0,0,0,0,1,1,0,0
Allergy,0,0,0,1,0,0,1,0,1,0,0,0,0,0,0,0,1,1,0,0,0
Allergy,0,0,0,1,0,0,1,0,0,0,0,0,0,0,0,0,1,0,1,0,0
Allergy,0,0,0,0,0,0,1,0,1,0,0,0,0,0,1,0,0,0,1,0,0
Allergy,0,0,0,1,1,0,0,0,1,0,0,0,0,0,0,0,0,0,0,0,0
Allergy,0,0,0,1,0,0,1,0,1,0,0,0,0,0,0,0,0,0,1,0,0
Allergy,0,0,0,0,0,0,1,0,1,1,0,1,0,0,0,0,0,0,0,0,0
Allergy,0,0,0,1,0,1,1,0,1,0,0,0,0,0,0,0,0,1,1,0,0
Allergy,0,0,1,1,0,0,0,0,0,0,0,0,0,0,0,0,0,1,1,0,0
Allergy,0,0,0,1,0,0,1,0,1,0,0,0,0,0,1,0,0,1,1,0,0
Allergy,0,0,0,1,0,0,1,0,0,0,0,0,0,0,0,0,0,1,1,0,0
Allergy,0,0,0,1,0,0,1,0,1,0,0,0,0,0,0,0,0,1,1,0,0
Sinusitis,0,0,0,0,0,0,1,0,0,0,0,1,0,0,0,0,0,1,1,0,0
Sinusitis,0,0,0,0,0,0,1,0,1,0,0,1,0,0,0,0,0,1,1,0,0
Sinusitis,1,0,0,0,0,0,0,0,1,0,0,1,0,0,0,0,0,0,1,0,0
Sinusitis,0,0,0,0,0,0,1,0,1,1,0,0,0,0,1,0,0,0,1,0,0
Sinusitis,0,0,0,0,0,0,1,0,1,0,0,1,0,0,0,0,0,1,0,0,0
Sinusitis,0,0,0,0,0,0,0,0,0,0,0,1,1,0,0,0,0,1,1,0,0
Sinusitis,0,0,0,0,1,0,0,0,1,0,0,1,0,0,1,0,0,1,1,0,0
Sinusitis,0,0,0,0,0,0,0,0,1,0,1,1,0,0,0,0,0,1,1,0,0
Sinusitis,0,0,0,0,0,0,1,0,1,0,0,1,0,0,0,0,0,1,1,0,0
Sinusitis,0,0,0,0,0,0,1,0,1,0,0,1,0,0,0,0,0,1,1,0,0
Sinusitis,0,1,0,0,0,0,1,0,1,0,0,1,0,0,0,0,0,1,1,0,0
Sinusitis,0,0,1,0,0,0,0,0,1,0,0,1,0,0,0,0,0,1,1,0,0
Sinusitis,0,0,0,0,0,0,1,0,1,1,0,0,0,0,0,0,0,0,1,0,0
Sinusitis,0,1,0,0,0,0,1,0,1,0,0,1,0,1,0,0,0,1,1,0,0
Sinusitis,0,0,0,0,0,0,1,0,1,0,0,1,0,0,1,0,0,1,1,0,0
Sinusitis,0,0,0,0,0,0,1,0,0,0,0,1,0,0,0,0,0,1,1,0,0
Sinusitis,0,0,0,0,0,0,1,0,1,0,0,0,0,0,0,0,0,1,1,0,0
Sinusitis,0,0,0,0,0,0,1,0,1,1,0,1,0,0,0,0,1,1,1,0,0
Sinusitis,0,0,0,0,0,0,1,0,1,0,0,1,0,0,0,0,0,1,1,0,1
Sinusitis,0,0,0,0,0,0,1,0,1,1,0,1,0,0,0,0,0,0,1,0,0
Sinusitis,0,0,0,1,0,0,1,0,1,0,0,1,0,0,0,0,0,1,1,0,0
Sinusitis,0,0,0,0,0,0,1,0,1,0,0,1,0,0,0,0,0,1,1,0,0
Sinusitis,0,0,0,0,0,0,1,0,1,0,0,1,0,0,0,0,0,1,1,0,0
Sinusitis,0,0,0,0,0,0,1,0,1,0,0,1,0,0,0,0,0,1,1,0,0
Sinusitis,0,0,0,0,0,0,0,0,1,0,0,1,0,0,0,0,0,1,1,0,0
Sinusitis,0,0,0,0,0,0,1,0,1,0,0,1,0,1,0,0,0,1,1,0,0
Sinusitis,0,0,0,0,0,1,1,0,1,0,0,1,0,0,0,0,0,1,1,0,0
Sinusitis,0,0,0,0,0,0,1,0,1,0,0,1,0,0,0,0,0,1,1,0,0
Sinusitis,0,0,0,0,0,0,1,0,1,0,0,1,0,0,0,0,0,1,0,0,0
Sinusitis,0,0,0,0,0,0,0,0,1,0,0,1,0,0,0,0,0,1,1,0,0
Sinusitis,1,0,0,0,0,0,1,0,0,0,0,1,0,0,0,0,0,1,1,0,0
Sinusitis,0,0,0,0,0,0,1,0,0,0,0,1,0,0,0,0,0,1,1,0,0
Sinusitis,0,0,0,0,0,0,1,0,0,0,0,0,0,0,0,0,0,1,1,0,0
Sinusitis,0,0,0,0,0,0,1,0,1,0,0,1,0,1,0,0,0,1,1,1,0
Sinusitis,0,0,0,0,1,0,0,0,1,0,0,1,0,0,0,0,0,1,1,0,0
Sinusitis,0,0,0,0,0,0,1,0,1,0,0,1,0,0,0,0,0,1,1,1,0
Sinusitis,0,0,0,0,0,0,1,0,0,0,1,1,0,0,1,0,0,1,1,0,0
Sinusitis,0,0,0,0,0,0,1,0,0,0,0,1,0,0,0,0,1,1,1,0,0
Sinusitis,1,0,0,0,0,0,1,0,1,0,0,1,0,0,0,0,0,1,1,0,0
Sinusitis,0,0,0,1,0,0,0,0,1,0,0,1,0,1,0,0,0,1,1,0,0
Chickenpox,0,0,1,0,0,0,0,0,0,1,0,1,0,0,0,0,0,0,0,0,0
Chickenpox,1,0,1,0,0,0,1,1,1,1,0,1,0,0,0,0,0,0,0,0,0
Chickenpox,0,0,1,0,0,0,0,0,1,1,0,1,0,0,0,0,0,0,0,0,0
Chickenpox,1,0,1,0,0,0,0,0,1,1,0,1,0,0,0,0,0,0,0,0,0
Chickenpox,0,0,1,0,0,0,0,0,1,1,0,1,1,1,0,1,0,0,0,0,0
Chickenpox,0,0,1,0,0,0,0,0,1,1,0,1,0,0,0,0,0,0,0,0,0
Chickenpox,0,0,1,0,0,0,0,0,1,1,0,1,0,0,0,1,0,0,0,1,0
Chickenpox,0,0,1,0,1,0,0,0,1,1,0,1,0,0,0,0,0,0,0,0,0
Chickenpox,1,0,1,0,0,0,0,0,0,1,0,1,0,0,0,0,0,0,0,0,0
Chickenpox,0,0,0,0,0,0,0,0,1,0,0,1,0,0,0,0,0,0,0,0,0
Chickenpox,0,0,1,0,0,0,0,0,1,1,0,1,0,0,0,1,0,0,0,0,0
Chickenpox,0,0,1,0,0,0,1,0,0,1,0,0,0,0,0,0,0,0,0,0,0
Chickenpox,0,0,1,0,0,0,0,0,1,1,0,1,0,0,0,0,0,0,0,0,0
Chickenpox,0,0,1,0,0,0,0,0,1,1,0,1,0,0,0,0,0,0,0,0,0
Chickenpox,0,0,1,0,0,0,0,0,0,0,0,1,0,1,0,0,0,0,0,0,0
Chickenpox,0,0,0,0,0,0,0,0,1,1,0,1,0,0,0,0,0,0,0,0,0
Chickenpox,0,0,1,0,0,0,0,0,1,0,0,1,0,0,1,0,0,0,0,0,0
Chickenpox,0,0,1,0,0,0,0,0,1,1,0,1,0,0,0,0,0,0,0,0,0
Chickenpox,0,0,1,0,0,0,0,0,1,0,0,1,0,0,0,0,0,0,0,0,0
Chickenpox,0,0,1,0,0,0,0,0,1,1,0,1,0,0,0,0,0,0,0,0,0
Chickenpox,0,0,0,0,0,0,0,0,0,1,0,1,0,0,0,0,0,0,0,0,0
Chickenpox,0,0,1,0,0,0,0,0,1,1,0,1,0,0,0,0,0,0,0,1,0
Chickenpox,0,0,1,0,0,0,0,0,1,1,0,1,0,0,0,0,0,0,0,0,0
Chickenpox,0,0,1,0,0,0,0,0,0,1,0,0,0,0,0,0,0,0,0,0,0
Chickenpox,0,0,1,0,0,0,0,0,1,1,0,1,0,0,0,0,0,0,0,0,0
Chickenpox,0,0,1,0,0,0,1,0,0,1,0,1,0,0,0,0,0,0,0,0,0
Chickenpox,0,0,1,0,0,0,0,0,1,1,0,1,0,0,0,0,0,0,0,0,0
Chickenpox,0,0,0,0,0,0,0,0,1,1,0,1,0,0,0,0,0,0,0,0,0
Chickenpox,0,0,1,0,1,0,0,0,1,1,0,1,0,0,0,0,0,0,0,0,0
Chickenpox,0,0,1,0,1,0,0,0,0,0,0,1,0,0,0,1,0,0,0,0,0
Chickenpox,0,0,1,0,0,0,0,1,1,1,0,1,0,0,0,0,0,0,0,0,0
Chickenpox,0,0,1,0,0,0,0,0,0,1,0,1,0,0,1,0,0,0,0,0,0
Chickenpox,0,0,1,0,0,0,0,0,1,0,0,1,0,0,0,1,0,0,0,0,0
Chickenpox,0,0,1,0,1,0,0,0,1,1,0,1,0,0,0,0,0,0,0,1,0
Chickenpox,0,0,1,0,0,0,0,0,1,1,0,1,0,0,0,1,0,0,0,0,0
Chickenpox,0,0,0,0,0,0,0,0,1,1,0,1,0,0,0,0,0,0,0,0,0
Chickenpox,0,0,1,0,0,0,1,0,1,1,0,1,0,0,0,0,1,0,0,0,0
Chickenpox,0,0,1,0,0,0,1,0,1,0,0,1,0,0,0,0,0,0,0,0,0
Chickenpox,0,0,0,0,0,0,0,0,1,1,0,1,0,0,0,0,0,0,1,0,0
Chickenpox,0,0,0,0,0,0,0,0,1,1,0,0,0,0,0,0,0,0,0,0,0
Measles,0,0,0,0,0,0,1,0,1,1,0,0,0,1,0,0,0,1,1,0,0
Measles,0,0,0,0,0,0,1,0,1,1,1,0,0,0,0,0,0,1,1,0,0
Measles,0,0,0,0,0,0,1,0,1,1,0,0,0,0,0,0,0,1,1,0,0
Measles,0,0,0,0,0,0,1,0,1,1,0,0,0,0,0,0,0,1,0,0,0
Measles,0,0,0,0,0,0,1,0,1,1,0,0,0,0,0,0,0,1,1,0,0
Measles,0,0,0,0,0,1,1,1,1,0,0,0,0,0,0,0,0,1,1,0,0
Measles,0,0,0,0,0,0,1,1,1,1,0,0,0,0,0,0,1,1,1,0,0
Measles,1,0,0,0,0,0,1,0,1,0,0,0,0,0,0,0,0,1,1,0,0
Measles,0,0,0,0,0,0,0,0,1,1,0,0,0,0,0,0,0,1,1,0,0
Measles,1,0,0,0,0,0,1,0,1,1,0,0,0,0,0,1,0,1,1,0,0
Measles,0,1,1,0,1,0,1,1,1,1,0,0,0,0,0,0,0,1,1,0,0
Measles,0,0,0,0,0,0,1,0,1,1,0,0,0,1,0,0,0,1,1,0,0
Measles,0,0,0,0,1,0,1,0,1,1,0,0,0,0,0,0,0,1,1,0,0
Measles,0,0,0,0,0,0,1,0,0,1,0,0,0,0,0,0,0,1,1,0,0
Measles,0,0,0,0,0,0,1,0,1,1,0,0,0,0,0,0,0,1,1,0,1
Measles,0,0,0,0,0,0,1,0,1,1,0,0,0,0,0,0,0,1,0,0,0
Measles,0,0,0,0,0,0,1,0,1,0,0,0,0,0,0,1,0,1,1,0,0
Measles,0,0,0,0,0,0,1,0,1,1,0,0,0,0,0,0,0,1,1,0,0
Measles,0,0,0,0,0,0,1,0,1,1,0,0,0,0,0,0,0,1,1,0,0
Measles,0,0,0,0,0,0,1,0,1,1,0,0,0,0,0,0,0,1,1,0,0
Measles,0,0,0,0,0,0,0,0,1,1,0,0,0,0,0,0,0,1,1,0,0
Measles,0,0,0,0,0,0,0,0,1,1,0,0,0,0,0,0,0,1,1,1,0
Measles,0,0,0,0,0,0,1,0,1,1,0,0,0,0,0,0,0,1,1,0,1
Measles,0,0,1,0,0,0,1,1,1,1,0,0,0,0,1,0,0,0,1,0,0
Measles,0,0,1,0,0,0,0,0,1,1,0,0,0,0,0,0,0,0,1,0,0
Measles,0,0,0,0,0,0,1,0,1,0,0,0,0,0,0,0,0,0,1,0,0
Measles,0,0,0,0,0,0,1,0,0,1,0,0,0,0,0,0,0,1,1,0,0
Measles,1,0,0,0,0,0,1,0,1,1,0,0,0,0,0,0,0,1,1,0,0
Measles,0,0,0,0,0,0,1,0,1,1,0,0,0,0,1,0,0,1,1,0,0
Measles,0,0,0,0,0,0,1,0,0,1,0,0,0,0,0,0,0,1,1,0,0
Measles,0,0,0,0,0,0,1,0,1,1,0,0,0,0,0,0,0,1,1,0,0
Measles,0,0,0,0,0,1,1,0,1,1,0,0,0,0,0,0,0,1,1,0,0
Measles,0,0,0,0,1,0,1,0,1,0,0,0,0,0,0,0,0,1,1,0,0
Measles,0,0,1,0,0,0,1,0,0,1,0,0,0,0,0,0,0,1,1,0,0
Measles,0,0,0,0,0,0,1,0,1,1,0,0,0,0,0,0,0,1,1,0,0
Measles,0,0,0,0,0,0,0,0,1,1,1,0,0,0,0,0,0,1,1,0,0
Measles,0,0,0,0,0,0,1,0,1,1,0,0,1,0,0,0,0,1,1,1,1
Measles,0,0,0,0,0,0,1,0,1,0,0,0,0,0,0,0,0,0,1,0,0
Measles,0,0,0,1,0,0,1,0,1,1,0,0,0,0,0,0,0,0,1,0,0
Measles,0,0,1,0,0,0,1,0,1,1,0,0,0,0,0,0,0,1,0,0,0
